step	file	score	n_paths	top_weight	monodromy_phase	wall_crossing	H1_11
1	ainf_export_1778225479.99.json	0.000000	2	1.063282e+15	1.602212	false	1.00000000
2	ainf_export_1778225488.63.json	0.000000	2	2.413816e+16	1.602212	false	1.00000000
3	ainf_export_1778225497.30.json	0.000000	1	3.107387e+15	1.586504	true	0.99987663
4	ainf_export_1778225506.15.json	0.000000	3	2.142056e+13	1.602212	true	0.99987663
5	ainf_export_1778225514.97.json	0.000000	3	7.659588e+10	1.602212	false	1.00000000
6	ainf_export_1778225523.67.json	0.000000	4	8.684844e+07	1.602212	false	1.00000000
7	ainf_export_1778225532.45.json	0.000000	8	3.204306e+06	1.602212	false	1.00000000
8	ainf_export_1778225541.39.json	0.000000	7	6.892569e+05	1.602212	false	1.00000000
9	ainf_export_1778225550.97.json	0.000000	7	8.307040e+05	1.602212	false	1.00000000
10	ainf_export_1778225560.42.json	0.000000	7	4.157227e+05	1.602212	false	1.00000000
11	ainf_export_1778225569.41.json	0.000000	10	1.194055e+05	1.602212	false	1.00000000
12	ainf_export_1778225578.49.json	0.000000	9	1.411073e+05	1.602212	false	1.00000000
13	ainf_export_1778225587.72.json	0.000000	9	1.631680e+05	1.602212	false	1.00000000
14	ainf_export_1778225596.68.json	0.000000	26	1.265603e+04	1.602212	false	1.00000000
15	ainf_export_1778225605.39.json	0.000000	26	7.714074e+03	1.602212	false	1.00000000
16	ainf_export_1778225614.19.json	0.000000	26	8.338404e+03	1.602212	false	1.00000000
17	ainf_export_1778225623.01.json	0.000000	27	4.341193e+03	1.602212	false	1.00000000
18	ainf_export_1778225631.89.json	0.000000	29	2.666901e+02	1.602212	false	1.00000000
19	ainf_export_1778225640.72.json	0.000000	100	7.668615e+00	1.602212	false	1.00000000
20	ainf_export_1778225649.52.json	0.000000	100	6.000000e+00	1.602212	false	1.00000000
21	ainf_export_1778225658.27.json	0.000000	100	6.000000e+00	1.602212	false	1.00000000
22	ainf_export_1778225666.93.json	0.000000	100	6.000000e+00	1.602212	false	1.00000000
23	ainf_export_1778225675.67.json	0.000000	100	6.000000e+00	1.602212	false	1.00000000
24	ainf_export_1778225684.85.json	0.000000	100	6.000000e+00	1.602212	false	1.00000000
25	ainf_export_1778225693.70.json	0.000000	100	6.000000e+00	1.602212	false	1.00000000
26	ainf_export_1778225702.46.json	0.000000	100	6.000000e+00	1.602212	false	1.00000000
27	ainf_export_1778225711.24.json	0.000000	100	6.000000e+00	1.602212	false	1.00000000
28	ainf_export_1778225719.96.json	0.000000	100	6.000000e+00	1.602212	false	1.00000000
29	ainf_export_1778225728.54.json	0.000000	100	6.000000e+00	1.602212	false	1.00000000
30	ainf_export_1778225737.62.json	0.000000	100	6.000000e+00	1.602212	false	1.00000000
31	ainf_export_1778225746.42.json	0.000000	100	6.000000e+00	1.602212	false	1.00000000
32	ainf_export_1778225755.24.json	0.000000	100	6.000000e+00	1.602212	false	1.00000000
33	ainf_export_1778225763.94.json	0.000000	100	6.000000e+00	1.602212	false	1.00000000
34	ainf_export_1778225772.69.json	0.000000	100	6.000000e+00	1.602212	false	1.00000000
35	ainf_export_1778225781.31.json	0.000000	100	6.000000e+00	1.602212	false	1.00000000
36	ainf_export_1778225789.95.json	0.000000	100	6.000000e+00	1.602212	false	1.00000000
37	ainf_export_1778225798.53.json	0.000000	100	6.000000e+00	1.602212	false	1.00000000
38	ainf_export_1778225807.21.json	0.000000	100	6.000000e+00	1.602212	false	1.00000000
39	ainf_export_1778225815.87.json	0.000000	100	6.000000e+00	1.602212	false	1.00000000
40	ainf_export_1778225824.58.json	0.000000	100	6.000000e+00	1.602212	false	1.00000000
41	ainf_export_1778225833.27.json	0.000000	100	6.000000e+00	1.602212	false	1.00000000
42	ainf_export_1778225841.95.json	0.000000	100	6.000000e+00	1.602212	false	1.00000000
43	ainf_export_1778225850.59.json	0.000000	100	6.000000e+00	1.602212	false	1.00000000
44	ainf_export_1778225859.26.json	0.000000	100	6.000000e+00	1.602212	false	1.00000000
45	ainf_export_1778225867.98.json	0.000000	100	6.000000e+00	1.602212	false	1.00000000
46	ainf_export_1778225876.65.json	0.000000	100	6.000000e+00	1.602212	false	1.00000000
47	ainf_export_1778225885.33.json	0.000000	100	6.000000e+00	1.602212	false	1.00000000
48	ainf_export_1778225894.06.json	0.000000	100	6.000000e+00	1.602212	false	1.00000000
49	ainf_export_1778225902.70.json	0.000000	100	6.000000e+00	1.602212	false	1.00000000
50	ainf_export_1778225911.41.json	0.000000	100	6.000000e+00	1.602212	false	1.00000000
51	ainf_export_1778225920.03.json	0.000000	100	6.000000e+00	1.602212	false	1.00000000
52	ainf_export_1778225928.76.json	0.000000	100	6.000000e+00	1.602212	false	1.00000000
53	ainf_export_1778225937.39.json	0.000000	100	6.000000e+00	1.602212	false	1.00000000
54	ainf_export_1778225946.08.json	0.000000	100	6.000000e+00	1.602212	false	1.00000000
55	ainf_export_1778225954.78.json	0.000000	100	6.000000e+00	1.602212	false	1.00000000
56	ainf_export_1778225963.39.json	0.000000	100	6.000000e+00	1.602212	false	1.00000000
57	ainf_export_1778225972.02.json	0.000000	100	6.000000e+00	1.602212	false	1.00000000
58	ainf_export_1778225980.63.json	0.000000	100	6.000000e+00	1.602212	false	1.00000000
59	ainf_export_1778225989.25.json	0.000000	100	6.000000e+00	1.602212	false	1.00000000
60	ainf_export_1778225997.97.json	0.000000	100	6.000000e+00	1.602212	false	1.00000000
61	ainf_export_1778226006.61.json	0.000000	100	6.000000e+00	1.602212	false	1.00000000
62	ainf_export_1778226015.27.json	0.000000	100	6.000000e+00	1.602212	false	1.00000000
63	ainf_export_1778226023.93.json	0.000000	100	6.000000e+00	1.602212	false	1.00000000
64	ainf_export_1778226032.55.json	0.000000	100	6.000000e+00	1.602212	false	1.00000000
65	ainf_export_1778226041.16.json	0.000000	100	6.000000e+00	1.602212	false	1.00000000
66	ainf_export_1778226049.83.json	0.000000	100	6.000000e+00	1.602212	false	1.00000000
67	ainf_export_1778226058.70.json	0.000000	100	6.000000e+00	1.602212	false	1.00000000
68	ainf_export_1778226067.86.json	0.000000	100	6.000000e+00	1.602212	false	1.00000000
69	ainf_export_1778226076.72.json	0.000000	100	6.000000e+00	1.602212	false	1.00000000
70	ainf_export_1778226085.52.json	0.000000	100	6.000000e+00	1.602212	false	1.00000000
71	ainf_export_1778226094.28.json	0.000000	100	6.000000e+00	1.602212	false	1.00000000
72	ainf_export_1778226103.06.json	0.000000	100	6.000000e+00	1.602212	false	1.00000000
73	ainf_export_1778226111.90.json	0.000000	100	6.000000e+00	1.602212	false	1.00000000
74	ainf_export_1778226120.73.json	0.000000	100	6.000000e+00	1.602212	false	1.00000000
75	ainf_export_1778226129.60.json	0.000000	100	6.000000e+00	1.602212	false	1.00000000
76	ainf_export_1778226138.40.json	0.000000	100	6.000000e+00	1.602212	false	1.00000000
77	ainf_export_1778226147.08.json	0.000000	100	6.000000e+00	1.602212	false	1.00000000
78	ainf_export_1778226155.75.json	0.000000	100	6.000000e+00	1.602212	false	1.00000000
79	ainf_export_1778226164.43.json	0.000000	100	6.000000e+00	1.602212	false	1.00000000
80	ainf_export_1778226173.20.json	0.000000	100	6.000000e+00	1.602212	false	1.00000000
81	ainf_export_1778226182.10.json	0.000000	100	6.000000e+00	1.602212	false	1.00000000
82	ainf_export_1778226190.86.json	0.000000	100	6.000000e+00	1.602212	false	1.00000000
83	ainf_export_1778226199.64.json	0.000000	100	6.000000e+00	1.602212	false	1.00000000
84	ainf_export_1778226208.39.json	0.000000	100	6.000000e+00	1.602212	false	1.00000000
85	ainf_export_1778226217.10.json	0.000000	100	6.000000e+00	1.602212	false	1.00000000
86	ainf_export_1778226225.92.json	0.000000	100	6.000000e+00	1.602212	false	1.00000000
87	ainf_export_1778226235.32.json	0.000000	100	6.000000e+00	1.602212	false	1.00000000
88	ainf_export_1778226244.64.json	0.000000	100	6.000000e+00	1.602212	false	1.00000000
89	ainf_export_1778226254.45.json	0.000000	100	6.000000e+00	1.602212	false	1.00000000
90	ainf_export_1778226263.96.json	0.000000	100	6.000000e+00	1.602212	false	1.00000000
91	ainf_export_1778226272.94.json	0.000000	100	6.000000e+00	1.602212	false	1.00000000
92	ainf_export_1778226281.99.json	0.000000	100	6.000000e+00	1.602212	false	1.00000000
93	ainf_export_1778226290.87.json	0.000000	100	6.000000e+00	1.602212	false	1.00000000
94	ainf_export_1778226300.09.json	0.000000	100	6.000000e+00	1.602212	false	1.00000000
95	ainf_export_1778226309.92.json	0.000000	100	6.000000e+00	1.602212	false	1.00000000
96	ainf_export_1778226319.36.json	0.000000	100	6.000000e+00	1.602212	false	1.00000000
97	ainf_export_1778226328.36.json	0.000000	100	6.000000e+00	1.602212	false	1.00000000
98	ainf_export_1778226337.31.json	0.000000	100	6.000000e+00	1.602212	false	1.00000000
99	ainf_export_1778226346.36.json	0.000000	100	6.000000e+00	1.602212	false	1.00000000
100	ainf_export_1778226355.87.json	0.000000	100	6.000000e+00	1.602212	false	1.00000000
101	ainf_export_1778226365.89.json	0.000000	100	6.000000e+00	1.602212	false	1.00000000
102	ainf_export_1778226375.88.json	0.000000	100	6.000000e+00	1.602212	false	1.00000000
103	ainf_export_1778226384.81.json	0.000000	100	6.000000e+00	1.602212	false	1.00000000
104	ainf_export_1778226393.78.json	0.000000	100	6.000000e+00	1.602212	false	1.00000000
105	ainf_export_1778226402.81.json	0.000000	100	6.000000e+00	1.602212	false	1.00000000
106	ainf_export_1778226411.67.json	0.000000	100	6.000000e+00	1.602212	false	1.00000000
107	ainf_export_1778226420.56.json	0.000000	100	6.000000e+00	1.602212	false	1.00000000
108	ainf_export_1778226429.46.json	0.000000	100	6.000000e+00	1.602212	false	1.00000000
109	ainf_export_1778226438.34.json	0.000000	100	6.000000e+00	1.602212	false	1.00000000
110	ainf_export_1778226447.10.json	0.000000	100	6.000000e+00	1.602212	false	1.00000000
111	ainf_export_1778226455.85.json	0.000000	100	6.000000e+00	1.602212	false	1.00000000
112	ainf_export_1778226464.61.json	0.000000	100	6.000000e+00	1.602212	false	1.00000000
113	ainf_export_1778226473.32.json	0.000000	100	6.000000e+00	1.602212	false	1.00000000
114	ainf_export_1778226482.03.json	0.000000	100	6.000000e+00	1.602212	false	1.00000000
115	ainf_export_1778226490.80.json	0.000000	100	6.000000e+00	1.602212	false	1.00000000
116	ainf_export_1778226499.45.json	0.000000	100	6.000000e+00	1.602212	false	1.00000000
117	ainf_export_1778226508.15.json	0.000000	100	6.000000e+00	1.602212	false	1.00000000
118	ainf_export_1778226516.84.json	0.000000	100	6.000000e+00	1.602212	false	1.00000000
119	ainf_export_1778226525.51.json	0.000000	100	6.000000e+00	1.602212	false	1.00000000
120	ainf_export_1778226534.32.json	0.000000	100	6.000000e+00	1.602212	false	1.00000000
121	ainf_export_1778226543.06.json	0.000000	100	6.000000e+00	1.602212	false	1.00000000
122	ainf_export_1778226551.74.json	0.000000	100	6.000000e+00	1.602212	false	1.00000000
123	ainf_export_1778226560.44.json	0.000000	100	6.000000e+00	1.602212	false	1.00000000
124	ainf_export_1778226569.14.json	0.000000	100	6.000000e+00	1.602212	false	1.00000000
125	ainf_export_1778226577.79.json	0.000000	100	6.000000e+00	1.602212	false	1.00000000
126	ainf_export_1778226586.43.json	0.000000	100	6.000000e+00	1.602212	false	1.00000000
127	ainf_export_1778226595.20.json	0.000000	100	6.000000e+00	1.602212	false	1.00000000
128	ainf_export_1778226603.86.json	0.000000	100	6.000000e+00	1.602212	false	1.00000000
129	ainf_export_1778226612.60.json	0.000000	100	6.000000e+00	1.602212	false	1.00000000
130	ainf_export_1778226621.24.json	0.000000	100	6.000000e+00	1.602212	false	1.00000000
131	ainf_export_1778226629.92.json	0.000000	100	6.000000e+00	1.602212	false	1.00000000
132	ainf_export_1778226638.60.json	0.000000	100	6.000000e+00	1.602212	false	1.00000000
133	ainf_export_1778226647.34.json	0.000000	100	6.000000e+00	1.602212	false	1.00000000
134	ainf_export_1778226656.16.json	0.000000	100	6.000000e+00	1.602212	false	1.00000000
135	ainf_export_1778226664.88.json	0.000000	100	6.000000e+00	1.602212	false	1.00000000
136	ainf_export_1778226674.35.json	0.000000	100	6.000000e+00	1.602212	false	1.00000000
137	ainf_export_1778226683.64.json	0.000000	100	6.000000e+00	1.602212	false	1.00000000
138	ainf_export_1778226692.38.json	0.000000	100	6.000000e+00	1.602212	false	1.00000000
139	ainf_export_1778226701.10.json	0.000000	100	6.000000e+00	1.602212	false	1.00000000
140	ainf_export_1778226709.84.json	0.000000	100	6.000000e+00	1.602212	false	1.00000000
141	ainf_export_1778226718.82.json	0.000000	100	6.000000e+00	1.602212	false	1.00000000
142	ainf_export_1778226727.78.json	0.000000	100	6.000000e+00	1.602212	false	1.00000000
143	ainf_export_1778226736.76.json	0.000000	100	6.000000e+00	1.602212	false	1.00000000
144	ainf_export_1778226745.54.json	0.000000	100	6.000000e+00	1.602212	false	1.00000000
145	ainf_export_1778226754.26.json	0.000000	100	6.000000e+00	1.602212	false	1.00000000
146	ainf_export_1778226762.94.json	0.000000	100	6.000000e+00	1.602212	false	1.00000000
147	ainf_export_1778226771.67.json	0.000000	100	6.000000e+00	1.602212	false	1.00000000
148	ainf_export_1778226780.32.json	0.000000	100	6.000000e+00	1.602212	false	1.00000000
149	ainf_export_1778226789.03.json	0.000000	100	6.000000e+00	1.602212	false	1.00000000
150	ainf_export_1778226797.74.json	0.000000	100	6.000000e+00	1.602212	false	1.00000000
151	ainf_export_1778226806.31.json	0.000000	100	6.000000e+00	1.602212	false	1.00000000
152	ainf_export_1778226815.08.json	0.000000	100	6.000000e+00	1.602212	false	1.00000000
153	ainf_export_1778226823.71.json	0.000000	100	6.000000e+00	1.602212	false	1.00000000
154	ainf_export_1778226832.37.json	0.000000	100	6.000000e+00	1.602212	false	1.00000000
155	ainf_export_1778226841.09.json	0.000000	100	6.000000e+00	1.602212	false	1.00000000
156	ainf_export_1778226849.74.json	0.000000	100	6.000000e+00	1.602212	false	1.00000000
157	ainf_export_1778226858.39.json	0.000000	100	6.000000e+00	1.602212	false	1.00000000
158	ainf_export_1778226867.12.json	0.000000	100	6.000000e+00	1.602212	false	1.00000000
159	ainf_export_1778226875.79.json	0.000000	100	6.000000e+00	1.602212	false	1.00000000
160	ainf_export_1778226884.51.json	0.000000	100	6.000000e+00	1.602212	false	1.00000000
161	ainf_export_1778226893.31.json	0.000000	100	6.000000e+00	1.602212	false	1.00000000
162	ainf_export_1778226901.95.json	0.000000	100	6.000000e+00	1.602212	false	1.00000000
163	ainf_export_1778226910.56.json	0.000000	100	6.000000e+00	1.602212	false	1.00000000
164	ainf_export_1778226919.19.json	0.000000	100	6.000000e+00	1.602212	false	1.00000000
165	ainf_export_1778226927.95.json	0.000000	100	6.000000e+00	1.602212	false	1.00000000
166	ainf_export_1778226936.55.json	0.000000	100	6.000000e+00	1.602212	false	1.00000000
167	ainf_export_1778226945.15.json	0.000000	100	6.000000e+00	1.602212	false	1.00000000
168	ainf_export_1778226953.79.json	0.000000	100	6.000000e+00	1.602212	false	1.00000000
169	ainf_export_1778226962.50.json	0.000000	100	6.000000e+00	1.602212	false	1.00000000
170	ainf_export_1778226971.25.json	0.000000	100	6.000000e+00	1.602212	false	1.00000000
171	ainf_export_1778226979.99.json	0.000000	100	6.000000e+00	1.602212	false	1.00000000
172	ainf_export_1778226988.62.json	0.000000	100	6.000000e+00	1.602212	false	1.00000000
173	ainf_export_1778226997.23.json	0.000000	100	6.000000e+00	1.602212	false	1.00000000
174	ainf_export_1778227005.92.json	0.000000	100	6.000000e+00	1.602212	false	1.00000000
175	ainf_export_1778227014.57.json	0.000000	100	6.000000e+00	1.602212	false	1.00000000
176	ainf_export_1778227023.22.json	0.000000	100	6.000000e+00	1.602212	false	1.00000000
177	ainf_export_1778227031.90.json	0.000000	100	6.000000e+00	1.602212	false	1.00000000
178	ainf_export_1778227040.54.json	0.000000	100	6.000000e+00	1.602212	false	1.00000000
179	ainf_export_1778227049.13.json	0.000000	100	6.000000e+00	1.602212	false	1.00000000
180	ainf_export_1778227057.74.json	0.000000	100	6.000000e+00	1.602212	false	1.00000000
181	ainf_export_1778227066.35.json	0.000000	100	6.000000e+00	1.602212	false	1.00000000
182	ainf_export_1778227075.18.json	0.000000	100	6.000000e+00	1.602212	false	1.00000000
183	ainf_export_1778227083.86.json	0.000000	100	6.000000e+00	1.602212	false	1.00000000
184	ainf_export_1778227092.56.json	0.000000	100	6.000000e+00	1.602212	false	1.00000000
185	ainf_export_1778227101.39.json	0.000000	100	6.000000e+00	1.602212	false	1.00000000
186	ainf_export_1778227110.05.json	0.000000	100	6.000000e+00	1.602212	false	1.00000000
187	ainf_export_1778227118.75.json	0.000000	100	6.000000e+00	1.602212	false	1.00000000
188	ainf_export_1778227127.34.json	0.000000	100	6.000000e+00	1.602212	false	1.00000000
189	ainf_export_1778227135.95.json	0.000000	100	6.000000e+00	1.602212	false	1.00000000
190	ainf_export_1778227144.61.json	0.000000	100	6.000000e+00	1.602212	false	1.00000000
191	ainf_export_1778227153.27.json	0.000000	100	6.000000e+00	1.602212	false	1.00000000
192	ainf_export_1778227162.11.json	0.000000	100	6.000000e+00	1.602212	false	1.00000000
193	ainf_export_1778227170.74.json	0.000000	100	6.000000e+00	1.602212	false	1.00000000
194	ainf_export_1778227179.41.json	0.000000	100	6.000000e+00	1.602212	false	1.00000000
195	ainf_export_1778227188.06.json	0.000000	100	6.000000e+00	1.602212	false	1.00000000
196	ainf_export_1778227196.71.json	0.000000	100	6.000000e+00	1.602212	false	1.00000000
197	ainf_export_1778227205.60.json	0.000000	100	6.000000e+00	1.602212	false	1.00000000
198	ainf_export_1778227214.66.json	0.000000	100	6.000000e+00	1.602212	false	1.00000000
199	ainf_export_1778227223.32.json	0.000000	100	6.000000e+00	1.602212	false	1.00000000
200	ainf_export_1778227231.92.json	0.000000	100	6.000000e+00	1.602212	false	1.00000000
201	ainf_export_1778227240.62.json	0.000000	100	6.000000e+00	1.602212	false	1.00000000
202	ainf_export_1778227249.25.json	0.000000	100	6.000000e+00	1.602212	false	1.00000000
203	ainf_export_1778227257.96.json	0.000000	100	6.000000e+00	1.602212	false	1.00000000
204	ainf_export_1778227266.85.json	0.000000	100	6.000000e+00	1.602212	false	1.00000000
205	ainf_export_1778227275.56.json	0.000000	100	6.000000e+00	1.602212	false	1.00000000
206	ainf_export_1778227284.14.json	0.000000	100	6.000000e+00	1.602212	false	1.00000000
207	ainf_export_1778227292.81.json	0.000000	100	6.000000e+00	1.602212	false	1.00000000
208	ainf_export_1778227301.63.json	0.000000	100	6.000000e+00	1.602212	false	1.00000000
209	ainf_export_1778227310.36.json	0.000000	100	6.000000e+00	1.602212	false	1.00000000
210	ainf_export_1778227319.05.json	0.000000	100	6.000000e+00	1.602212	false	1.00000000
211	ainf_export_1778227327.81.json	0.000000	100	6.000000e+00	1.602212	false	1.00000000
212	ainf_export_1778227336.54.json	0.000000	100	6.000000e+00	1.602212	false	1.00000000
213	ainf_export_1778227345.45.json	0.000000	100	6.000000e+00	1.602212	false	1.00000000
214	ainf_export_1778227354.07.json	0.000000	100	6.000000e+00	1.602212	false	1.00000000
215	ainf_export_1778227362.72.json	0.000000	100	6.000000e+00	1.602212	false	1.00000000
216	ainf_export_1778227371.32.json	0.000000	100	6.000000e+00	1.602212	false	1.00000000
217	ainf_export_1778227380.00.json	0.000000	100	6.000000e+00	1.602212	false	1.00000000
218	ainf_export_1778227388.73.json	0.000000	100	6.000000e+00	1.602212	false	1.00000000
219	ainf_export_1778227397.35.json	0.000000	100	6.000000e+00	1.602212	false	1.00000000
220	ainf_export_1778227406.03.json	0.000000	100	6.000000e+00	1.602212	false	1.00000000
221	ainf_export_1778227414.65.json	0.000000	100	6.000000e+00	1.602212	false	1.00000000
222	ainf_export_1778227423.29.json	0.000000	100	6.000000e+00	1.602212	false	1.00000000
223	ainf_export_1778227431.91.json	0.000000	100	6.000000e+00	1.602212	false	1.00000000
224	ainf_export_1778227440.58.json	0.000000	100	6.000000e+00	1.602212	false	1.00000000
225	ainf_export_1778227449.43.json	0.000000	100	6.000000e+00	1.602212	false	1.00000000
226	ainf_export_1778227458.14.json	0.000000	100	6.000000e+00	1.602212	false	1.00000000
227	ainf_export_1778227466.78.json	0.000000	100	6.000000e+00	1.602212	false	1.00000000
228	ainf_export_1778227475.53.json	0.000000	100	6.000000e+00	1.602212	false	1.00000000
229	ainf_export_1778227484.23.json	0.000000	100	6.000000e+00	1.602212	false	1.00000000
230	ainf_export_1778227492.89.json	0.000000	100	6.000000e+00	1.602212	false	1.00000000
231	ainf_export_1778227501.59.json	0.000000	100	6.000000e+00	1.602212	false	1.00000000
232	ainf_export_1778227510.26.json	0.000000	100	6.000000e+00	1.602212	false	1.00000000
233	ainf_export_1778227518.97.json	0.000000	100	6.000000e+00	1.602212	false	1.00000000
234	ainf_export_1778227527.57.json	0.000000	100	6.000000e+00	1.602212	false	1.00000000
235	ainf_export_1778227536.19.json	0.000000	100	6.000000e+00	1.602212	false	1.00000000
236	ainf_export_1778227544.84.json	0.000000	100	6.000000e+00	1.602212	false	1.00000000
237	ainf_export_1778227553.65.json	0.000000	100	6.000000e+00	1.602212	false	1.00000000
238	ainf_export_1778227562.33.json	0.000000	100	6.000000e+00	1.602212	false	1.00000000
239	ainf_export_1778227571.24.json	0.000000	100	6.000000e+00	1.602212	false	1.00000000
240	ainf_export_1778227579.93.json	0.000000	100	6.000000e+00	1.602212	false	1.00000000
241	ainf_export_1778227588.57.json	0.000000	100	6.000000e+00	1.602212	false	1.00000000
242	ainf_export_1778227597.23.json	0.000000	100	6.000000e+00	1.602212	false	1.00000000
243	ainf_export_1778227605.89.json	0.000000	100	6.000000e+00	1.602212	false	1.00000000
244	ainf_export_1778227615.20.json	0.000000	100	6.000000e+00	1.602212	false	1.00000000
245	ainf_export_1778227624.29.json	0.000000	100	6.000000e+00	1.602212	false	1.00000000
246	ainf_export_1778227632.76.json	0.000000	100	6.000000e+00	1.602212	false	1.00000000
247	ainf_export_1778227641.26.json	0.000000	100	6.000000e+00	1.602212	false	1.00000000
248	ainf_export_1778227649.90.json	0.000000	100	6.000000e+00	1.602212	false	1.00000000
249	ainf_export_1778227658.37.json	0.000000	100	6.000000e+00	1.602212	false	1.00000000
250	ainf_export_1778227666.83.json	0.000000	100	6.000000e+00	1.602212	false	1.00000000
251	ainf_export_1778227675.43.json	0.000000	100	6.000000e+00	1.602212	false	1.00000000
252	ainf_export_1778227684.07.json	0.000000	100	6.000000e+00	1.602212	false	1.00000000
253	ainf_export_1778227692.53.json	0.000000	100	6.000000e+00	1.602212	false	1.00000000
254	ainf_export_1778227701.03.json	0.000000	100	6.000000e+00	1.602212	false	1.00000000
255	ainf_export_1778227709.53.json	0.000000	100	6.000000e+00	1.602212	false	1.00000000
256	ainf_export_1778227718.17.json	0.000000	100	6.000000e+00	1.602212	false	1.00000000
257	ainf_export_1778227726.61.json	0.000000	100	6.000000e+00	1.602212	false	1.00000000
258	ainf_export_1778227735.05.json	0.000000	100	6.000000e+00	1.602212	false	1.00000000
259	ainf_export_1778228722.94.json	0.000000	100	6.000000e+00	1.602212	false	1.00000000
260	ainf_export_1778228731.39.json	0.000000	100	6.000000e+00	1.602212	false	1.00000000
261	ainf_export_1778228739.82.json	0.000000	100	6.000000e+00	1.602212	false	1.00000000
262	ainf_export_1778228748.23.json	0.000000	100	6.000000e+00	1.602212	false	1.00000000
263	ainf_export_1778228756.66.json	0.000000	100	6.000000e+00	1.602212	false	1.00000000
264	ainf_export_1778228765.10.json	0.000000	100	6.000000e+00	1.602212	false	1.00000000
265	ainf_export_1778229681.09.json	0.000000	100	6.000000e+00	1.602212	false	1.00000000
266	ainf_export_1778229689.50.json	0.000000	100	6.000000e+00	1.602212	false	1.00000000
267	ainf_export_1778229697.92.json	0.000000	100	6.000000e+00	1.602212	false	1.00000000
268	ainf_export_1778229706.22.json	0.000000	100	6.000000e+00	1.602212	false	1.00000000
269	ainf_export_1778229714.65.json	0.000000	100	6.000000e+00	1.602212	false	1.00000000
270	ainf_export_1778229723.06.json	0.000000	100	6.000000e+00	1.602212	false	1.00000000
271	ainf_export_1778229731.49.json	0.000000	100	6.000000e+00	1.602212	false	1.00000000
272	ainf_export_1778230731.53.json	0.000000	100	6.000000e+00	1.602212	false	1.00000000
273	ainf_export_1778230740.00.json	0.000000	100	6.000000e+00	1.602212	false	1.00000000
274	ainf_export_1778230748.32.json	0.000000	100	6.000000e+00	1.602212	false	1.00000000
275	ainf_export_1778230756.63.json	0.000000	100	6.000000e+00	1.602212	false	1.00000000
276	ainf_export_1778230765.05.json	0.000000	100	6.000000e+00	1.602212	false	1.00000000
277	ainf_export_1778231712.22.json	0.000000	100	6.000000e+00	1.602212	false	1.00000000
278	ainf_export_1778231720.71.json	0.000000	100	6.000000e+00	1.602212	false	1.00000000
279	ainf_export_1778231729.16.json	0.000000	100	6.000000e+00	1.602212	false	1.00000000
280	ainf_export_1778231737.63.json	0.000000	100	6.000000e+00	1.602212	false	1.00000000
281	ainf_export_1778231746.09.json	0.000000	100	6.000000e+00	1.602212	false	1.00000000
282	ainf_export_1778231754.55.json	0.000000	100	6.000000e+00	1.602212	false	1.00000000
283	ainf_export_1778231762.89.json	0.000000	100	6.000000e+00	1.602212	false	1.00000000
284	ainf_export_1778231771.20.json	0.000000	100	6.000000e+00	1.602212	false	1.00000000
285	ainf_export_1778231779.64.json	0.000000	100	6.000000e+00	1.602212	false	1.00000000
286	ainf_export_1778231788.10.json	0.000000	100	6.000000e+00	1.602212	false	1.00000000
287	ainf_export_1778231796.39.json	0.000000	100	6.000000e+00	1.602212	false	1.00000000
288	ainf_export_1778231804.87.json	0.000000	100	6.000000e+00	1.602212	false	1.00000000
289	ainf_export_1778231813.21.json	0.000000	100	6.000000e+00	1.602212	false	1.00000000
290	ainf_export_1778231821.56.json	0.000000	100	6.000000e+00	1.602212	false	1.00000000
291	ainf_export_1778231829.92.json	0.000000	100	6.000000e+00	1.602212	false	1.00000000
292	ainf_export_1778231838.28.json	0.000000	100	6.000000e+00	1.602212	false	1.00000000
293	ainf_export_1778231846.80.json	0.000000	100	6.000000e+00	1.602212	false	1.00000000
294	ainf_export_1778231855.17.json	0.000000	100	6.000000e+00	1.602212	false	1.00000000
295	ainf_export_1778231863.71.json	0.000000	100	6.000000e+00	1.602212	false	1.00000000
296	ainf_export_1778231872.08.json	0.000000	100	6.000000e+00	1.602212	false	1.00000000
297	ainf_export_1778231880.49.json	0.000000	100	6.000000e+00	1.602212	false	1.00000000
298	ainf_export_1778231888.90.json	0.000000	100	6.000000e+00	1.602212	false	1.00000000
299	ainf_export_1778231897.49.json	0.000000	100	6.000000e+00	1.602212	false	1.00000000
300	ainf_export_1778231905.91.json	0.000000	100	6.000000e+00	1.602212	false	1.00000000
301	ainf_export_1778231914.49.json	0.000000	100	6.000000e+00	1.602212	false	1.00000000
302	ainf_export_1778231922.89.json	0.000000	100	6.000000e+00	1.602212	false	1.00000000
303	ainf_export_1778231931.46.json	0.000000	100	6.000000e+00	1.602212	false	1.00000000
304	ainf_export_1778231940.04.json	0.000000	100	6.000000e+00	1.602212	false	1.00000000
305	ainf_export_1778231948.65.json	0.000000	100	6.000000e+00	1.602212	false	1.00000000
306	ainf_export_1778231957.08.json	0.000000	100	6.000000e+00	1.602212	false	1.00000000
307	ainf_export_1778231965.65.json	0.000000	100	6.000000e+00	1.602212	false	1.00000000
308	ainf_export_1778231974.22.json	0.000000	100	6.000000e+00	1.602212	false	1.00000000
309	ainf_export_1778231982.79.json	0.000000	100	6.000000e+00	1.602212	false	1.00000000
310	ainf_export_1778231991.25.json	0.000000	100	6.000000e+00	1.602212	false	1.00000000
311	ainf_export_1778231999.85.json	0.000000	100	6.000000e+00	1.602212	false	1.00000000
312	ainf_export_1778232008.47.json	0.000000	100	6.000000e+00	1.602212	false	1.00000000
313	ainf_export_1778232016.92.json	0.000000	100	6.000000e+00	1.602212	false	1.00000000
314	ainf_export_1778232025.51.json	0.000000	100	6.000000e+00	1.602212	false	1.00000000
315	ainf_export_1778232033.98.json	0.000000	100	6.000000e+00	1.602212	false	1.00000000
316	ainf_export_1778232042.44.json	0.000000	100	6.000000e+00	1.602212	false	1.00000000
317	ainf_export_1778232050.91.json	0.000000	100	6.000000e+00	1.602212	false	1.00000000
318	ainf_export_1778232059.44.json	0.000000	100	6.000000e+00	1.602212	false	1.00000000
319	ainf_export_1778232067.91.json	0.000000	100	6.000000e+00	1.602212	false	1.00000000
320	ainf_export_1778232076.52.json	0.000000	100	6.000000e+00	1.602212	false	1.00000000
321	ainf_export_1778232085.16.json	0.000000	100	6.000000e+00	1.602212	false	1.00000000
322	ainf_export_1778232093.84.json	0.000000	100	6.000000e+00	1.602212	false	1.00000000
323	ainf_export_1778232102.32.json	0.000000	100	6.000000e+00	1.602212	false	1.00000000
324	ainf_export_1778232110.93.json	0.000000	100	6.000000e+00	1.602212	false	1.00000000
325	ainf_export_1778232119.42.json	0.000000	100	6.000000e+00	1.602212	false	1.00000000
326	ainf_export_1778232128.05.json	0.000000	100	6.000000e+00	1.602212	false	1.00000000
327	ainf_export_1778232136.66.json	0.000000	100	6.000000e+00	1.602212	false	1.00000000
328	ainf_export_1778232145.26.json	0.000000	100	6.000000e+00	1.602212	false	1.00000000
329	ainf_export_1778232153.87.json	0.000000	100	6.000000e+00	1.602212	false	1.00000000
330	ainf_export_1778232162.32.json	0.000000	100	6.000000e+00	1.602212	false	1.00000000
331	ainf_export_1778232170.93.json	0.000000	100	6.000000e+00	1.602212	false	1.00000000
332	ainf_export_1778232179.54.json	0.000000	100	6.000000e+00	1.602212	false	1.00000000
333	ainf_export_1778232188.10.json	0.000000	100	6.000000e+00	1.602212	false	1.00000000
334	ainf_export_1778232196.71.json	0.000000	100	6.000000e+00	1.602212	false	1.00000000
335	ainf_export_1778232205.17.json	0.000000	100	6.000000e+00	1.602212	false	1.00000000
336	ainf_export_1778232213.80.json	0.000000	100	6.000000e+00	1.602212	false	1.00000000
337	ainf_export_1778232222.45.json	0.000000	100	6.000000e+00	1.602212	false	1.00000000
338	ainf_export_1778232230.92.json	0.000000	100	6.000000e+00	1.602212	false	1.00000000
339	ainf_export_1778232239.53.json	0.000000	100	6.000000e+00	1.602212	false	1.00000000
340	ainf_export_1778232248.18.json	0.000000	100	6.000000e+00	1.602212	false	1.00000000
341	ainf_export_1778232256.79.json	0.000000	100	6.000000e+00	1.602212	false	1.00000000
342	ainf_export_1778232265.27.json	0.000000	100	6.000000e+00	1.602212	false	1.00000000
343	ainf_export_1778232273.75.json	0.000000	100	6.000000e+00	1.602212	false	1.00000000
344	ainf_export_1778232282.40.json	0.000000	100	6.000000e+00	1.602212	false	1.00000000
345	ainf_export_1778232290.85.json	0.000000	100	6.000000e+00	1.602212	false	1.00000000
346	ainf_export_1778232299.37.json	0.000000	100	6.000000e+00	1.602212	false	1.00000000
347	ainf_export_1778232307.84.json	0.000000	100	6.000000e+00	1.602212	false	1.00000000
348	ainf_export_1778232316.55.json	0.000000	100	6.000000e+00	1.602212	false	1.00000000
349	ainf_export_1778232325.19.json	0.000000	100	6.000000e+00	1.602212	false	1.00000000
350	ainf_export_1778232333.80.json	0.000000	100	6.000000e+00	1.602212	false	1.00000000
351	ainf_export_1778232342.32.json	0.000000	100	6.000000e+00	1.602212	false	1.00000000
352	ainf_export_1778232350.79.json	0.000000	100	6.000000e+00	1.602212	false	1.00000000
353	ainf_export_1778232359.30.json	0.000000	100	6.000000e+00	1.602212	false	1.00000000
354	ainf_export_1778232367.81.json	0.000000	100	6.000000e+00	1.602212	false	1.00000000
355	ainf_export_1778232376.29.json	0.000000	100	6.000000e+00	1.602212	false	1.00000000
356	ainf_export_1778232384.78.json	0.000000	100	6.000000e+00	1.602212	false	1.00000000
357	ainf_export_1778232393.26.json	0.000000	100	6.000000e+00	1.602212	false	1.00000000
358	ainf_export_1778232401.89.json	0.000000	100	6.000000e+00	1.602212	false	1.00000000
359	ainf_export_1778232410.51.json	0.000000	100	6.000000e+00	1.602212	false	1.00000000
360	ainf_export_1778232419.00.json	0.000000	100	6.000000e+00	1.602212	false	1.00000000
361	ainf_export_1778232427.62.json	0.000000	100	6.000000e+00	1.602212	false	1.00000000
362	ainf_export_1778232436.24.json	0.000000	100	6.000000e+00	1.602212	false	1.00000000
363	ainf_export_1778232444.87.json	0.000000	100	6.000000e+00	1.602212	false	1.00000000
364	ainf_export_1778232453.32.json	0.000000	100	6.000000e+00	1.602212	false	1.00000000
365	ainf_export_1778232461.85.json	0.000000	100	6.000000e+00	1.602212	false	1.00000000
366	ainf_export_1778232470.46.json	0.000000	100	6.000000e+00	1.602212	false	1.00000000
367	ainf_export_1778232478.97.json	0.000000	100	6.000000e+00	1.602212	false	1.00000000
368	ainf_export_1778232487.59.json	0.000000	100	6.000000e+00	1.602212	false	1.00000000
369	ainf_export_1778232496.07.json	0.000000	100	6.000000e+00	1.602212	false	1.00000000
370	ainf_export_1778232504.54.json	0.000000	100	6.000000e+00	1.602212	false	1.00000000
371	ainf_export_1778232513.19.json	0.000000	100	6.000000e+00	1.602212	false	1.00000000
372	ainf_export_1778232521.68.json	0.000000	100	6.000000e+00	1.602212	false	1.00000000
373	ainf_export_1778232530.18.json	0.000000	100	6.000000e+00	1.602212	false	1.00000000
374	ainf_export_1778232538.69.json	0.000000	100	6.000000e+00	1.602212	false	1.00000000
375	ainf_export_1778232547.19.json	0.000000	100	6.000000e+00	1.602212	false	1.00000000
376	ainf_export_1778232555.68.json	0.000000	100	6.000000e+00	1.602212	false	1.00000000
377	ainf_export_1778232564.21.json	0.000000	100	6.000000e+00	1.602212	false	1.00000000
378	ainf_export_1778232572.69.json	0.000000	100	6.000000e+00	1.602212	false	1.00000000
379	ainf_export_1778232581.19.json	0.000000	100	6.000000e+00	1.602212	false	1.00000000
380	ainf_export_1778232589.71.json	0.000000	100	6.000000e+00	1.602212	false	1.00000000
381	ainf_export_1778232598.32.json	0.000000	100	6.000000e+00	1.602212	false	1.00000000
382	ainf_export_1778232606.87.json	0.000000	100	6.000000e+00	1.602212	false	1.00000000
383	ainf_export_1778232615.41.json	0.000000	100	6.000000e+00	1.602212	false	1.00000000
384	ainf_export_1778232623.94.json	0.000000	100	6.000000e+00	1.602212	false	1.00000000
385	ainf_export_1778232632.42.json	0.000000	100	6.000000e+00	1.602212	false	1.00000000
386	ainf_export_1778232641.07.json	0.000000	100	6.000000e+00	1.602212	false	1.00000000
387	ainf_export_1778232649.53.json	0.000000	100	6.000000e+00	1.602212	false	1.00000000
388	ainf_export_1778232658.02.json	0.000000	100	6.000000e+00	1.602212	false	1.00000000
389	ainf_export_1778232666.52.json	0.000000	100	6.000000e+00	1.602212	false	1.00000000
390	ainf_export_1778232675.04.json	0.000000	100	6.000000e+00	1.602212	false	1.00000000
391	ainf_export_1778232683.54.json	0.000000	100	6.000000e+00	1.602212	false	1.00000000
392	ainf_export_1778232692.06.json	0.000000	100	6.000000e+00	1.602212	false	1.00000000
393	ainf_export_1778232700.55.json	0.000000	100	6.000000e+00	1.602212	false	1.00000000
394	ainf_export_1778232709.04.json	0.000000	100	6.000000e+00	1.602212	false	1.00000000
395	ainf_export_1778232717.53.json	0.000000	100	6.000000e+00	1.602212	false	1.00000000
396	ainf_export_1778232726.18.json	0.000000	100	6.000000e+00	1.602212	false	1.00000000
397	ainf_export_1778232734.84.json	0.000000	100	6.000000e+00	1.602212	false	1.00000000
398	ainf_export_1778232743.47.json	0.000000	100	6.000000e+00	1.602212	false	1.00000000
399	ainf_export_1778232752.02.json	0.000000	100	6.000000e+00	1.602212	false	1.00000000
400	ainf_export_1778232760.51.json	0.000000	100	6.000000e+00	1.602212	false	1.00000000
401	ainf_export_1778232768.99.json	0.000000	100	6.000000e+00	1.602212	false	1.00000000
402	ainf_export_1778232777.48.json	0.000000	100	6.000000e+00	1.602212	false	1.00000000
403	ainf_export_1778232785.96.json	0.000000	100	6.000000e+00	1.602212	false	1.00000000
404	ainf_export_1778232794.59.json	0.000000	100	6.000000e+00	1.602212	false	1.00000000
405	ainf_export_1778232803.08.json	0.000000	100	6.000000e+00	1.602212	false	1.00000000
406	ainf_export_1778232811.71.json	0.000000	100	6.000000e+00	1.602212	false	1.00000000
407	ainf_export_1778232820.21.json	0.000000	100	6.000000e+00	1.602212	false	1.00000000
408	ainf_export_1778232828.71.json	0.000000	100	6.000000e+00	1.602212	false	1.00000000
409	ainf_export_1778232837.22.json	0.000000	100	6.000000e+00	1.602212	false	1.00000000
410	ainf_export_1778232845.72.json	0.000000	100	6.000000e+00	1.602212	false	1.00000000
411	ainf_export_1778232854.21.json	0.000000	100	6.000000e+00	1.602212	false	1.00000000
412	ainf_export_1778232862.70.json	0.000000	100	6.000000e+00	1.602212	false	1.00000000
413	ainf_export_1778232871.24.json	0.000000	100	6.000000e+00	1.602212	false	1.00000000
414	ainf_export_1778232879.76.json	0.000000	100	6.000000e+00	1.602212	false	1.00000000
415	ainf_export_1778232888.30.json	0.000000	100	6.000000e+00	1.602212	false	1.00000000
416	ainf_export_1778232896.78.json	0.000000	100	6.000000e+00	1.602212	false	1.00000000
417	ainf_export_1778232905.25.json	0.000000	100	6.000000e+00	1.602212	false	1.00000000
418	ainf_export_1778232913.89.json	0.000000	100	6.000000e+00	1.602212	false	1.00000000
419	ainf_export_1778232922.53.json	0.000000	100	6.000000e+00	1.602212	false	1.00000000
420	ainf_export_1778232931.04.json	0.000000	100	6.000000e+00	1.602212	false	1.00000000
421	ainf_export_1778232939.51.json	0.000000	100	6.000000e+00	1.602212	false	1.00000000
422	ainf_export_1778232948.08.json	0.000000	100	6.000000e+00	1.602212	false	1.00000000
423	ainf_export_1778232956.56.json	0.000000	100	6.000000e+00	1.602212	false	1.00000000
424	ainf_export_1778232965.29.json	0.000000	100	6.000000e+00	1.602212	false	1.00000000
425	ainf_export_1778232973.78.json	0.000000	100	6.000000e+00	1.602212	false	1.00000000
426	ainf_export_1778232982.43.json	0.000000	100	6.000000e+00	1.602212	false	1.00000000
427	ainf_export_1778232991.09.json	0.000000	100	6.000000e+00	1.602212	false	1.00000000
428	ainf_export_1778232999.60.json	0.000000	100	6.000000e+00	1.602212	false	1.00000000
429	ainf_export_1778233008.15.json	0.000000	100	6.000000e+00	1.602212	false	1.00000000
430	ainf_export_1778233016.85.json	0.000000	100	6.000000e+00	1.602212	false	1.00000000
431	ainf_export_1778233025.33.json	0.000000	100	6.000000e+00	1.602212	false	1.00000000
432	ainf_export_1778233033.98.json	0.000000	100	6.000000e+00	1.602212	false	1.00000000
433	ainf_export_1778233042.49.json	0.000000	100	6.000000e+00	1.602212	false	1.00000000
434	ainf_export_1778233051.00.json	0.000000	100	6.000000e+00	1.602212	false	1.00000000
435	ainf_export_1778233059.53.json	0.000000	100	6.000000e+00	1.602212	false	1.00000000
436	ainf_export_1778233068.14.json	0.000000	100	6.000000e+00	1.602212	false	1.00000000
437	ainf_export_1778233076.62.json	0.000000	100	6.000000e+00	1.602212	false	1.00000000
438	ainf_export_1778233085.26.json	0.000000	100	6.000000e+00	1.602212	false	1.00000000
439	ainf_export_1778233093.78.json	0.000000	100	6.000000e+00	1.602212	false	1.00000000
440	ainf_export_1778233102.40.json	0.000000	100	6.000000e+00	1.602212	false	1.00000000
441	ainf_export_1778233110.94.json	0.000000	100	6.000000e+00	1.602212	false	1.00000000
442	ainf_export_1778233119.61.json	0.000000	100	6.000000e+00	1.602212	false	1.00000000
443	ainf_export_1778233128.06.json	0.000000	100	6.000000e+00	1.602212	false	1.00000000
444	ainf_export_1778233136.53.json	0.000000	100	6.000000e+00	1.602212	false	1.00000000
445	ainf_export_1778233145.02.json	0.000000	100	6.000000e+00	1.602212	false	1.00000000
446	ainf_export_1778233153.52.json	0.000000	100	6.000000e+00	1.602212	false	1.00000000
447	ainf_export_1778233162.02.json	0.000000	100	6.000000e+00	1.602212	false	1.00000000
448	ainf_export_1778233170.53.json	0.000000	100	6.000000e+00	1.602212	false	1.00000000
449	ainf_export_1778233179.00.json	0.000000	100	6.000000e+00	1.602212	false	1.00000000
450	ainf_export_1778233187.68.json	0.000000	100	6.000000e+00	1.602212	false	1.00000000
451	ainf_export_1778233196.31.json	0.000000	100	6.000000e+00	1.602212	false	1.00000000
452	ainf_export_1778233204.81.json	0.000000	100	6.000000e+00	1.602212	false	1.00000000
453	ainf_export_1778233213.50.json	0.000000	100	6.000000e+00	1.602212	false	1.00000000
454	ainf_export_1778233222.00.json	0.000000	100	6.000000e+00	1.602212	false	1.00000000
455	ainf_export_1778233230.53.json	0.000000	100	6.000000e+00	1.602212	false	1.00000000
456	ainf_export_1778233239.05.json	0.000000	100	6.000000e+00	1.602212	false	1.00000000
457	ainf_export_1778233247.68.json	0.000000	100	6.000000e+00	1.602212	false	1.00000000
458	ainf_export_1778233256.36.json	0.000000	100	6.000000e+00	1.602212	false	1.00000000
459	ainf_export_1778233264.82.json	0.000000	100	6.000000e+00	1.602212	false	1.00000000
460	ainf_export_1778233273.34.json	0.000000	100	6.000000e+00	1.602212	false	1.00000000
461	ainf_export_1778233282.00.json	0.000000	100	6.000000e+00	1.602212	false	1.00000000
462	ainf_export_1778233290.57.json	0.000000	100	6.000000e+00	1.602212	false	1.00000000
463	ainf_export_1778233299.07.json	0.000000	100	6.000000e+00	1.602212	false	1.00000000
464	ainf_export_1778233307.62.json	0.000000	100	6.000000e+00	1.602212	false	1.00000000
465	ainf_export_1778233316.15.json	0.000000	100	6.000000e+00	1.602212	false	1.00000000
466	ainf_export_1778233324.69.json	0.000000	100	6.000000e+00	1.602212	false	1.00000000
467	ainf_export_1778233333.21.json	0.000000	100	6.000000e+00	1.602212	false	1.00000000
468	ainf_export_1778233341.69.json	0.000000	100	6.000000e+00	1.602212	false	1.00000000
469	ainf_export_1778233350.18.json	0.000000	100	6.000000e+00	1.602212	false	1.00000000
470	ainf_export_1778233358.71.json	0.000000	100	6.000000e+00	1.602212	false	1.00000000
471	ainf_export_1778233367.19.json	0.000000	100	6.000000e+00	1.602212	false	1.00000000
472	ainf_export_1778233375.69.json	0.000000	100	6.000000e+00	1.602212	false	1.00000000
473	ainf_export_1778233384.17.json	0.000000	100	6.000000e+00	1.602212	false	1.00000000
474	ainf_export_1778233392.86.json	0.000000	100	6.000000e+00	1.602212	false	1.00000000
475	ainf_export_1778233401.33.json	0.000000	100	6.000000e+00	1.602212	false	1.00000000
476	ainf_export_1778233409.87.json	0.000000	100	6.000000e+00	1.602212	false	1.00000000
477	ainf_export_1778233418.32.json	0.000000	100	6.000000e+00	1.602212	false	1.00000000
478	ainf_export_1778233426.77.json	0.000000	100	6.000000e+00	1.602212	false	1.00000000
479	ainf_export_1778233435.26.json	0.000000	100	6.000000e+00	1.602212	false	1.00000000
480	ainf_export_1778233443.81.json	0.000000	100	6.000000e+00	1.602212	false	1.00000000
481	ainf_export_1778233452.32.json	0.000000	100	6.000000e+00	1.602212	false	1.00000000
482	ainf_export_1778233460.80.json	0.000000	100	6.000000e+00	1.602212	false	1.00000000
483	ainf_export_1778233469.33.json	0.000000	100	6.000000e+00	1.602212	false	1.00000000
484	ainf_export_1778233477.82.json	0.000000	100	6.000000e+00	1.602212	false	1.00000000
485	ainf_export_1778233486.44.json	0.000000	100	6.000000e+00	1.602212	false	1.00000000
486	ainf_export_1778233494.90.json	0.000000	100	6.000000e+00	1.602212	false	1.00000000
487	ainf_export_1778233503.39.json	0.000000	100	6.000000e+00	1.602212	false	1.00000000
488	ainf_export_1778233512.02.json	0.000000	100	6.000000e+00	1.602212	false	1.00000000
489	ainf_export_1778233520.67.json	0.000000	100	6.000000e+00	1.602212	false	1.00000000
490	ainf_export_1778233529.14.json	0.000000	100	6.000000e+00	1.602212	false	1.00000000
491	ainf_export_1778233537.77.json	0.000000	100	6.000000e+00	1.602212	false	1.00000000
492	ainf_export_1778233546.31.json	0.000000	100	6.000000e+00	1.602212	false	1.00000000
493	ainf_export_1778233554.84.json	0.000000	100	6.000000e+00	1.602212	false	1.00000000
494	ainf_export_1778233563.48.json	0.000000	100	6.000000e+00	1.602212	false	1.00000000
495	ainf_export_1778233572.00.json	0.000000	100	6.000000e+00	1.602212	false	1.00000000
496	ainf_export_1778233580.54.json	0.000000	100	6.000000e+00	1.602212	false	1.00000000
497	ainf_export_1778233588.99.json	0.000000	100	6.000000e+00	1.602212	false	1.00000000
498	ainf_export_1778233597.47.json	0.000000	100	6.000000e+00	1.602212	false	1.00000000
499	ainf_export_1778233606.02.json	0.000000	100	6.000000e+00	1.602212	false	1.00000000
500	ainf_export_1778233614.68.json	0.000000	100	6.000000e+00	1.602212	false	1.00000000
501	ainf_export_1778233623.20.json	0.000000	100	6.000000e+00	1.602212	false	1.00000000
502	ainf_export_1778233631.75.json	0.000000	100	6.000000e+00	1.602212	false	1.00000000
503	ainf_export_1778233640.25.json	0.000000	100	6.000000e+00	1.602212	false	1.00000000
504	ainf_export_1778233648.77.json	0.000000	100	6.000000e+00	1.602212	false	1.00000000
505	ainf_export_1778233657.51.json	0.000000	100	6.000000e+00	1.602212	false	1.00000000
506	ainf_export_1778233666.00.json	0.000000	100	6.000000e+00	1.602212	false	1.00000000
507	ainf_export_1778233674.50.json	0.000000	100	6.000000e+00	1.602212	false	1.00000000
508	ainf_export_1778233683.07.json	0.000000	100	6.000000e+00	1.602212	false	1.00000000
509	ainf_export_1778233691.58.json	0.000000	100	6.000000e+00	1.602212	false	1.00000000
510	ainf_export_1778233700.22.json	0.000000	100	6.000000e+00	1.602212	false	1.00000000
511	ainf_export_1778233708.92.json	0.000000	100	6.000000e+00	1.602212	false	1.00000000
512	ainf_export_1778233717.57.json	0.000000	100	6.000000e+00	1.602212	false	1.00000000
513	ainf_export_1778233726.04.json	0.000000	100	6.000000e+00	1.602212	false	1.00000000
514	ainf_export_1778233734.59.json	0.000000	100	6.000000e+00	1.602212	false	1.00000000
515	ainf_export_1778233743.23.json	0.000000	100	6.000000e+00	1.602212	false	1.00000000
516	ainf_export_1778233751.87.json	0.000000	100	6.000000e+00	1.602212	false	1.00000000
517	ainf_export_1778233760.41.json	0.000000	100	6.000000e+00	1.602212	false	1.00000000
518	ainf_export_1778233768.91.json	0.000000	100	6.000000e+00	1.602212	false	1.00000000
519	ainf_export_1778233777.40.json	0.000000	100	6.000000e+00	1.602212	false	1.00000000
520	ainf_export_1778233785.93.json	0.000000	100	6.000000e+00	1.602212	false	1.00000000
521	ainf_export_1778233794.40.json	0.000000	100	6.000000e+00	1.602212	false	1.00000000
522	ainf_export_1778233803.04.json	0.000000	100	6.000000e+00	1.602212	false	1.00000000
523	ainf_export_1778233811.59.json	0.000000	100	6.000000e+00	1.602212	false	1.00000000
524	ainf_export_1778233820.04.json	0.000000	100	6.000000e+00	1.602212	false	1.00000000
525	ainf_export_1778233828.71.json	0.000000	100	6.000000e+00	1.602212	false	1.00000000
526	ainf_export_1778233837.38.json	0.000000	100	6.000000e+00	1.602212	false	1.00000000
527	ainf_export_1778233846.04.json	0.000000	100	6.000000e+00	1.602212	false	1.00000000
528	ainf_export_1778233854.68.json	0.000000	100	6.000000e+00	1.602212	false	1.00000000
529	ainf_export_1778233863.23.json	0.000000	100	6.000000e+00	1.602212	false	1.00000000
530	ainf_export_1778233871.85.json	0.000000	100	6.000000e+00	1.602212	false	1.00000000
531	ainf_export_1778233880.54.json	0.000000	100	6.000000e+00	1.602212	false	1.00000000
532	ainf_export_1778233889.03.json	0.000000	100	6.000000e+00	1.602212	false	1.00000000
533	ainf_export_1778233897.53.json	0.000000	100	6.000000e+00	1.602212	false	1.00000000
534	ainf_export_1778233906.06.json	0.000000	100	6.000000e+00	1.602212	false	1.00000000
535	ainf_export_1778233914.62.json	0.000000	100	6.000000e+00	1.602212	false	1.00000000
536	ainf_export_1778233923.10.json	0.000000	100	6.000000e+00	1.602212	false	1.00000000
537	ainf_export_1778233931.67.json	0.000000	100	6.000000e+00	1.602212	false	1.00000000
538	ainf_export_1778233940.24.json	0.000000	100	6.000000e+00	1.602212	false	1.00000000
539	ainf_export_1778233948.71.json	0.000000	100	6.000000e+00	1.602212	false	1.00000000
540	ainf_export_1778233957.49.json	0.000000	100	6.000000e+00	1.602212	false	1.00000000
541	ainf_export_1778233966.17.json	0.000000	100	6.000000e+00	1.602212	false	1.00000000
542	ainf_export_1778233974.80.json	0.000000	100	6.000000e+00	1.602212	false	1.00000000
543	ainf_export_1778233983.34.json	0.000000	100	6.000000e+00	1.602212	false	1.00000000
544	ainf_export_1778233991.91.json	0.000000	100	6.000000e+00	1.602212	false	1.00000000
545	ainf_export_1778234000.39.json	0.000000	100	6.000000e+00	1.602212	false	1.00000000
546	ainf_export_1778234009.02.json	0.000000	100	6.000000e+00	1.602212	false	1.00000000
547	ainf_export_1778234017.57.json	0.000000	100	6.000000e+00	1.602212	false	1.00000000
548	ainf_export_1778234026.06.json	0.000000	100	6.000000e+00	1.602212	false	1.00000000
549	ainf_export_1778234034.62.json	0.000000	100	6.000000e+00	1.602212	false	1.00000000
550	ainf_export_1778234043.46.json	0.000000	100	6.000000e+00	1.602212	false	1.00000000
551	ainf_export_1778234051.97.json	0.000000	100	6.000000e+00	1.602212	false	1.00000000
552	ainf_export_1778234060.53.json	0.000000	100	6.000000e+00	1.602212	false	1.00000000
553	ainf_export_1778234069.35.json	0.000000	100	6.000000e+00	1.602212	false	1.00000000
554	ainf_export_1778234077.82.json	0.000000	100	6.000000e+00	1.602212	false	1.00000000
555	ainf_export_1778234086.34.json	0.000000	100	6.000000e+00	1.602212	false	1.00000000
556	ainf_export_1778234094.89.json	0.000000	100	6.000000e+00	1.602212	false	1.00000000
557	ainf_export_1778234103.40.json	0.000000	100	6.000000e+00	1.602212	false	1.00000000
558	ainf_export_1778234111.89.json	0.000000	100	6.000000e+00	1.602212	false	1.00000000
559	ainf_export_1778234120.47.json	0.000000	100	6.000000e+00	1.602212	false	1.00000000
560	ainf_export_1778234128.96.json	0.000000	100	6.000000e+00	1.602212	false	1.00000000
561	ainf_export_1778234137.46.json	0.000000	100	6.000000e+00	1.602212	false	1.00000000
562	ainf_export_1778234146.03.json	0.000000	100	6.000000e+00	1.602212	false	1.00000000
563	ainf_export_1778234154.75.json	0.000000	100	6.000000e+00	1.602212	false	1.00000000
564	ainf_export_1778234163.42.json	0.000000	100	6.000000e+00	1.602212	false	1.00000000
565	ainf_export_1778234172.12.json	0.000000	100	6.000000e+00	1.602212	false	1.00000000
566	ainf_export_1778234180.63.json	0.000000	100	6.000000e+00	1.602212	false	1.00000000
567	ainf_export_1778234189.19.json	0.000000	100	6.000000e+00	1.602212	false	1.00000000
568	ainf_export_1778234197.76.json	0.000000	100	6.000000e+00	1.602212	false	1.00000000
569	ainf_export_1778234206.30.json	0.000000	100	6.000000e+00	1.602212	false	1.00000000
570	ainf_export_1778234214.80.json	0.000000	100	6.000000e+00	1.602212	false	1.00000000
571	ainf_export_1778234223.47.json	0.000000	100	6.000000e+00	1.602212	false	1.00000000
572	ainf_export_1778234232.12.json	0.000000	100	6.000000e+00	1.602212	false	1.00000000
573	ainf_export_1778234240.68.json	0.000000	100	6.000000e+00	1.602212	false	1.00000000
574	ainf_export_1778234249.40.json	0.000000	100	6.000000e+00	1.602212	false	1.00000000
575	ainf_export_1778234257.92.json	0.000000	100	6.000000e+00	1.602212	false	1.00000000
576	ainf_export_1778234266.44.json	0.000000	100	6.000000e+00	1.602212	false	1.00000000
577	ainf_export_1778234275.23.json	0.000000	100	6.000000e+00	1.602212	false	1.00000000
578	ainf_export_1778234283.76.json	0.000000	100	6.000000e+00	1.602212	false	1.00000000
579	ainf_export_1778234292.25.json	0.000000	100	6.000000e+00	1.602212	false	1.00000000
580	ainf_export_1778234300.83.json	0.000000	100	6.000000e+00	1.602212	false	1.00000000
581	ainf_export_1778234309.42.json	0.000000	100	6.000000e+00	1.602212	false	1.00000000
582	ainf_export_1778234317.94.json	0.000000	100	6.000000e+00	1.602212	false	1.00000000
583	ainf_export_1778234326.49.json	0.000000	100	6.000000e+00	1.602212	false	1.00000000
584	ainf_export_1778234334.97.json	0.000000	100	6.000000e+00	1.602212	false	1.00000000
585	ainf_export_1778234343.51.json	0.000000	100	6.000000e+00	1.602212	false	1.00000000
586	ainf_export_1778234352.14.json	0.000000	100	6.000000e+00	1.602212	false	1.00000000
587	ainf_export_1778234360.84.json	0.000000	100	6.000000e+00	1.602212	false	1.00000000
588	ainf_export_1778234369.32.json	0.000000	100	6.000000e+00	1.602212	false	1.00000000
589	ainf_export_1778234377.92.json	0.000000	100	6.000000e+00	1.602212	false	1.00000000
590	ainf_export_1778234386.41.json	0.000000	100	6.000000e+00	1.602212	false	1.00000000
591	ainf_export_1778234395.12.json	0.000000	100	6.000000e+00	1.602212	false	1.00000000
592	ainf_export_1778234403.69.json	0.000000	100	6.000000e+00	1.602212	false	1.00000000
593	ainf_export_1778234412.18.json	0.000000	100	6.000000e+00	1.602212	false	1.00000000
594	ainf_export_1778234420.83.json	0.000000	100	6.000000e+00	1.602212	false	1.00000000
595	ainf_export_1778234429.52.json	0.000000	100	6.000000e+00	1.602212	false	1.00000000
596	ainf_export_1778234438.01.json	0.000000	100	6.000000e+00	1.602212	false	1.00000000
597	ainf_export_1778234446.51.json	0.000000	100	6.000000e+00	1.602212	false	1.00000000
598	ainf_export_1778234455.08.json	0.000000	100	6.000000e+00	1.602212	false	1.00000000
599	ainf_export_1778234463.59.json	0.000000	100	6.000000e+00	1.602212	false	1.00000000
600	ainf_export_1778234472.10.json	0.000000	100	6.000000e+00	1.602212	false	1.00000000
601	ainf_export_1778234480.83.json	0.000000	100	6.000000e+00	1.602212	false	1.00000000
602	ainf_export_1778234489.31.json	0.000000	100	6.000000e+00	1.602212	false	1.00000000
603	ainf_export_1778234497.97.json	0.000000	100	6.000000e+00	1.602212	false	1.00000000
604	ainf_export_1778234506.51.json	0.000000	100	6.000000e+00	1.602212	false	1.00000000
605	ainf_export_1778234515.19.json	0.000000	100	6.000000e+00	1.602212	false	1.00000000
606	ainf_export_1778234523.70.json	0.000000	100	6.000000e+00	1.602212	false	1.00000000
607	ainf_export_1778234532.32.json	0.000000	100	6.000000e+00	1.602212	false	1.00000000
608	ainf_export_1778234540.80.json	0.000000	100	6.000000e+00	1.602212	false	1.00000000
609	ainf_export_1778234549.44.json	0.000000	100	6.000000e+00	1.602212	false	1.00000000
610	ainf_export_1778234558.16.json	0.000000	100	6.000000e+00	1.602212	false	1.00000000
611	ainf_export_1778234566.65.json	0.000000	100	6.000000e+00	1.602212	false	1.00000000
612	ainf_export_1778234575.29.json	0.000000	100	6.000000e+00	1.602212	false	1.00000000
613	ainf_export_1778234583.87.json	0.000000	100	6.000000e+00	1.602212	false	1.00000000
614	ainf_export_1778234592.34.json	0.000000	100	6.000000e+00	1.602212	false	1.00000000
615	ainf_export_1778234600.97.json	0.000000	100	6.000000e+00	1.602212	false	1.00000000
616	ainf_export_1778234609.70.json	0.000000	100	6.000000e+00	1.602212	false	1.00000000
617	ainf_export_1778234618.34.json	0.000000	100	6.000000e+00	1.602212	false	1.00000000
618	ainf_export_1778234626.86.json	0.000000	100	6.000000e+00	1.602212	false	1.00000000
619	ainf_export_1778234635.63.json	0.000000	100	6.000000e+00	1.602212	false	1.00000000
620	ainf_export_1778234644.17.json	0.000000	100	6.000000e+00	1.602212	false	1.00000000
621	ainf_export_1778234652.84.json	0.000000	100	6.000000e+00	1.602212	false	1.00000000
622	ainf_export_1778234661.39.json	0.000000	100	6.000000e+00	1.602212	false	1.00000000
623	ainf_export_1778234669.99.json	0.000000	100	6.000000e+00	1.602212	false	1.00000000
624	ainf_export_1778234678.51.json	0.000000	100	6.000000e+00	1.602212	false	1.00000000
625	ainf_export_1778234687.09.json	0.000000	100	6.000000e+00	1.602212	false	1.00000000
626	ainf_export_1778234695.88.json	0.000000	100	6.000000e+00	1.602212	false	1.00000000
627	ainf_export_1778234704.45.json	0.000000	100	6.000000e+00	1.602212	false	1.00000000
628	ainf_export_1778234713.02.json	0.000000	100	6.000000e+00	1.602212	false	1.00000000
629	ainf_export_1778234721.51.json	0.000000	100	6.000000e+00	1.602212	false	1.00000000
630	ainf_export_1778234730.06.json	0.000000	100	6.000000e+00	1.602212	false	1.00000000
631	ainf_export_1778234738.66.json	0.000000	100	6.000000e+00	1.602212	false	1.00000000
632	ainf_export_1778234747.21.json	0.000000	100	6.000000e+00	1.602212	false	1.00000000
633	ainf_export_1778234755.91.json	0.000000	100	6.000000e+00	1.602212	false	1.00000000
634	ainf_export_1778234764.51.json	0.000000	100	6.000000e+00	1.602212	false	1.00000000
635	ainf_export_1778234773.01.json	0.000000	100	6.000000e+00	1.602212	false	1.00000000
636	ainf_export_1778234781.53.json	0.000000	100	6.000000e+00	1.602212	false	1.00000000
637	ainf_export_1778234790.11.json	0.000000	100	6.000000e+00	1.602212	false	1.00000000
638	ainf_export_1778234798.63.json	0.000000	100	6.000000e+00	1.602212	false	1.00000000
639	ainf_export_1778234807.14.json	0.000000	100	6.000000e+00	1.602212	false	1.00000000
640	ainf_export_1778234815.86.json	0.000000	100	6.000000e+00	1.602212	false	1.00000000
641	ainf_export_1778234824.44.json	0.000000	100	6.000000e+00	1.602212	false	1.00000000
642	ainf_export_1778234832.98.json	0.000000	100	6.000000e+00	1.602212	false	1.00000000
643	ainf_export_1778234841.54.json	0.000000	100	6.000000e+00	1.602212	false	1.00000000
644	ainf_export_1778234850.02.json	0.000000	100	6.000000e+00	1.602212	false	1.00000000
645	ainf_export_1778234858.53.json	0.000000	100	6.000000e+00	1.602212	false	1.00000000
646	ainf_export_1778234867.11.json	0.000000	100	6.000000e+00	1.602212	false	1.00000000
647	ainf_export_1778234875.60.json	0.000000	100	6.000000e+00	1.602212	false	1.00000000
648	ainf_export_1778234884.12.json	0.000000	100	6.000000e+00	1.602212	false	1.00000000
649	ainf_export_1778234892.84.json	0.000000	100	6.000000e+00	1.602212	false	1.00000000
650	ainf_export_1778234901.34.json	0.000000	100	6.000000e+00	1.602212	false	1.00000000
651	ainf_export_1778234910.00.json	0.000000	100	6.000000e+00	1.602212	false	1.00000000
652	ainf_export_1778234918.57.json	0.000000	100	6.000000e+00	1.602212	false	1.00000000
653	ainf_export_1778234927.05.json	0.000000	100	6.000000e+00	1.602212	false	1.00000000
654	ainf_export_1778234935.71.json	0.000000	100	6.000000e+00	1.602212	false	1.00000000
655	ainf_export_1778234944.47.json	0.000000	100	6.000000e+00	1.602212	false	1.00000000
656	ainf_export_1778234953.01.json	0.000000	100	6.000000e+00	1.602212	false	1.00000000
657	ainf_export_1778234961.52.json	0.000000	100	6.000000e+00	1.602212	false	1.00000000
658	ainf_export_1778234970.29.json	0.000000	100	6.000000e+00	1.602212	false	1.00000000
659	ainf_export_1778234978.81.json	0.000000	100	6.000000e+00	1.602212	false	1.00000000
660	ainf_export_1778234987.31.json	0.000000	100	6.000000e+00	1.602212	false	1.00000000
661	ainf_export_1778234996.04.json	0.000000	100	6.000000e+00	1.602212	false	1.00000000
662	ainf_export_1778235004.57.json	0.000000	100	6.000000e+00	1.602212	false	1.00000000
663	ainf_export_1778235013.12.json	0.000000	100	6.000000e+00	1.602212	false	1.00000000
664	ainf_export_1778235021.68.json	0.000000	100	6.000000e+00	1.602212	false	1.00000000
665	ainf_export_1778235030.16.json	0.000000	100	6.000000e+00	1.602212	false	1.00000000
666	ainf_export_1778235038.71.json	0.000000	100	6.000000e+00	1.602212	false	1.00000000
667	ainf_export_1778235047.29.json	0.000000	100	6.000000e+00	1.602212	false	1.00000000
668	ainf_export_1778235055.76.json	0.000000	100	6.000000e+00	1.602212	false	1.00000000
669	ainf_export_1778235064.25.json	0.000000	100	6.000000e+00	1.602212	false	1.00000000
670	ainf_export_1778235072.82.json	0.000000	100	6.000000e+00	1.602212	false	1.00000000
671	ainf_export_1778235081.31.json	0.000000	100	6.000000e+00	1.602212	false	1.00000000
672	ainf_export_1778235089.81.json	0.000000	100	6.000000e+00	1.602212	false	1.00000000
673	ainf_export_1778235098.38.json	0.000000	100	6.000000e+00	1.602212	false	1.00000000
674	ainf_export_1778235107.00.json	0.000000	100	6.000000e+00	1.602212	false	1.00000000
675	ainf_export_1778235115.51.json	0.000000	100	6.000000e+00	1.602212	false	1.00000000
676	ainf_export_1778235124.32.json	0.000000	100	6.000000e+00	1.602212	false	1.00000000
677	ainf_export_1778235132.91.json	0.000000	100	6.000000e+00	1.602212	false	1.00000000
678	ainf_export_1778235141.47.json	0.000000	100	6.000000e+00	1.602212	false	1.00000000
679	ainf_export_1778235150.06.json	0.000000	100	6.000000e+00	1.602212	false	1.00000000
680	ainf_export_1778235158.84.json	0.000000	100	6.000000e+00	1.602212	false	1.00000000
681	ainf_export_1778235167.51.json	0.000000	100	6.000000e+00	1.602212	false	1.00000000
682	ainf_export_1778235176.08.json	0.000000	100	6.000000e+00	1.602212	false	1.00000000
683	ainf_export_1778235184.79.json	0.000000	100	6.000000e+00	1.602212	false	1.00000000
684	ainf_export_1778235193.48.json	0.000000	100	6.000000e+00	1.602212	false	1.00000000
685	ainf_export_1778235202.18.json	0.000000	100	6.000000e+00	1.602212	false	1.00000000
686	ainf_export_1778235210.73.json	0.000000	100	6.000000e+00	1.602212	false	1.00000000
687	ainf_export_1778235219.38.json	0.000000	100	6.000000e+00	1.602212	false	1.00000000
688	ainf_export_1778235227.99.json	0.000000	100	6.000000e+00	1.602212	false	1.00000000
689	ainf_export_1778235236.55.json	0.000000	100	6.000000e+00	1.602212	false	1.00000000
690	ainf_export_1778235245.24.json	0.000000	100	6.000000e+00	1.602212	false	1.00000000
691	ainf_export_1778235253.82.json	0.000000	100	6.000000e+00	1.602212	false	1.00000000
692	ainf_export_1778235262.32.json	0.000000	100	6.000000e+00	1.602212	false	1.00000000
693	ainf_export_1778235270.83.json	0.000000	100	6.000000e+00	1.602212	false	1.00000000
694	ainf_export_1778235279.41.json	0.000000	100	6.000000e+00	1.602212	false	1.00000000
695	ainf_export_1778235288.04.json	0.000000	100	6.000000e+00	1.602212	false	1.00000000
696	ainf_export_1778235296.57.json	0.000000	100	6.000000e+00	1.602212	false	1.00000000
697	ainf_export_1778235305.21.json	0.000000	100	6.000000e+00	1.602212	false	1.00000000
698	ainf_export_1778235313.74.json	0.000000	100	6.000000e+00	1.602212	false	1.00000000
699	ainf_export_1778235322.35.json	0.000000	100	6.000000e+00	1.602212	false	1.00000000
700	ainf_export_1778235330.95.json	0.000000	100	6.000000e+00	1.602212	false	1.00000000
701	ainf_export_1778235339.58.json	0.000000	100	6.000000e+00	1.602212	false	1.00000000
702	ainf_export_1778235348.07.json	0.000000	100	6.000000e+00	1.602212	false	1.00000000
703	ainf_export_1778235356.65.json	0.000000	100	6.000000e+00	1.602212	false	1.00000000
704	ainf_export_1778235365.16.json	0.000000	100	6.000000e+00	1.602212	false	1.00000000
705	ainf_export_1778235373.68.json	0.000000	100	6.000000e+00	1.602212	false	1.00000000
706	ainf_export_1778235382.41.json	0.000000	100	7.466614e+00	1.602212	false	1.00000000
707	ainf_export_1778235391.05.json	0.000000	28	1.123035e+02	1.602212	false	1.00000000
708	ainf_export_1778235399.58.json	0.000000	29	5.147010e+01	1.602212	false	1.00000000
709	ainf_export_1778235408.17.json	0.000000	48	2.165533e+01	1.602212	false	1.00000000
710	ainf_export_1778235416.80.json	0.000000	100	1.105896e+01	1.602212	false	1.00000000
711	ainf_export_1778235425.33.json	0.000000	100	6.000000e+00	1.602212	false	1.00000000
712	ainf_export_1778235433.96.json	0.000000	100	6.401595e+00	1.602212	false	1.00000000
713	ainf_export_1778235442.67.json	0.000000	36	4.437064e+01	1.602212	false	1.00000000
714	ainf_export_1778235451.38.json	0.000000	12	1.186028e+03	1.602212	false	1.00000000
715	ainf_export_1778235459.96.json	0.000000	22	4.585952e+02	1.602212	false	1.00000000
716	ainf_export_1778235468.60.json	0.000000	100	7.447918e+00	1.602212	false	1.00000000
717	ainf_export_1778235477.11.json	0.000000	100	6.000000e+00	1.602212	false	1.00000000
718	ainf_export_1778235485.75.json	0.000000	100	6.000000e+00	1.602212	false	1.00000000
719	ainf_export_1778235494.27.json	0.000000	100	6.000000e+00	1.602212	false	1.00000000
720	ainf_export_1778235502.78.json	0.000000	100	6.000000e+00	1.602212	false	1.00000000
721	ainf_export_1778235511.51.json	0.000000	100	7.482035e+00	1.602212	false	1.00000000
722	ainf_export_1778235520.18.json	0.000000	27	8.067833e+01	1.602212	false	1.00000000
723	ainf_export_1778235528.69.json	0.000000	13	2.343270e+03	1.602212	false	1.00000000
724	ainf_export_1778235537.38.json	0.000000	12	9.075653e+02	1.602212	false	1.00000000
725	ainf_export_1778235546.04.json	0.000000	10	2.273791e+04	1.602212	false	1.00000000
726	ainf_export_1778235554.61.json	0.000000	26	1.899298e+02	1.602212	false	1.00000000
727	ainf_export_1778235563.42.json	0.000000	13	5.134261e+03	1.602212	false	1.00000000
728	ainf_export_1778235571.92.json	0.000000	45	2.324146e+01	1.602212	false	1.00000000
729	ainf_export_1778235580.45.json	0.000000	100	1.119616e+01	1.602212	false	1.00000000
730	ainf_export_1778235589.19.json	0.000000	100	7.937688e+00	1.602212	false	1.00000000
731	ainf_export_1778235597.85.json	0.000000	27	9.501817e+01	1.602212	false	1.00000000
732	ainf_export_1778235606.39.json	0.000000	30	3.979836e+01	1.602212	false	1.00000000
733	ainf_export_1778235615.18.json	0.000000	54	1.831089e+01	1.602212	false	1.00000000
734	ainf_export_1778235623.83.json	0.000000	13	4.755993e+02	1.602212	false	1.00000000
735	ainf_export_1778235632.43.json	0.000000	13	1.819490e+02	1.602212	false	1.00000000
736	ainf_export_1778235641.19.json	0.000000	100	6.000000e+00	1.602212	false	1.00000000
737	ainf_export_1778235649.71.json	0.000000	18	2.865685e+01	1.602212	false	1.00000000
738	ainf_export_1778235658.42.json	0.000000	100	6.000000e+00	1.602212	false	1.00000000
739	ainf_export_1778235667.22.json	0.000000	100	6.000000e+00	1.602212	false	1.00000000
740	ainf_export_1778235675.80.json	0.000000	100	6.000000e+00	1.602212	false	1.00000000
741	ainf_export_1778235684.31.json	0.000000	100	6.000000e+00	1.602212	false	1.00000000
742	ainf_export_1778235693.05.json	0.000000	100	6.000000e+00	1.602212	false	1.00000000
743	ainf_export_1778235701.57.json	0.000000	32	2.415262e+01	1.602212	false	1.00000000
744	ainf_export_1778235710.07.json	0.000000	100	9.937471e+00	1.602212	false	1.00000000
745	ainf_export_1778235718.69.json	0.000000	100	7.200023e+00	1.602212	false	1.00000000
746	ainf_export_1778235727.20.json	0.000000	11	9.188831e+01	1.602212	false	1.00000000
747	ainf_export_1778235735.73.json	0.000000	100	6.000000e+00	1.602212	false	1.00000000
748	ainf_export_1778235744.31.json	0.000000	100	6.000000e+00	1.602212	false	1.00000000
749	ainf_export_1778235752.80.json	0.000000	100	6.000000e+00	1.602212	false	1.00000000
750	ainf_export_1778235761.48.json	0.000000	100	6.000000e+00	1.602212	false	1.00000000
751	ainf_export_1778235770.06.json	0.000000	100	6.000000e+00	1.602212	false	1.00000000
752	ainf_export_1778235778.56.json	0.000000	100	6.000000e+00	1.602212	false	1.00000000
753	ainf_export_1778235787.23.json	0.000000	100	6.000000e+00	1.602212	false	1.00000000
754	ainf_export_1778235795.84.json	0.000000	100	6.000000e+00	1.602212	false	1.00000000
755	ainf_export_1778235804.33.json	0.000000	100	6.000000e+00	1.602212	false	1.00000000
756	ainf_export_1778235812.85.json	0.000000	100	6.000000e+00	1.602212	false	1.00000000
757	ainf_export_1778235821.44.json	0.000000	100	6.000000e+00	1.602212	false	1.00000000
758	ainf_export_1778235829.95.json	0.000000	100	6.000000e+00	1.602212	false	1.00000000
759	ainf_export_1778235838.47.json	0.000000	100	6.000000e+00	1.602212	false	1.00000000
760	ainf_export_1778235847.06.json	0.000000	100	6.000000e+00	1.602212	false	1.00000000
761	ainf_export_1778235855.55.json	0.000000	10	3.499129e+01	1.310840	true	0.95785067
762	ainf_export_1778235864.11.json	0.000000	3	9.688648e+02	0.889057	true	0.91236042
763	ainf_export_1778235872.84.json	0.000000	5	3.978642e+02	1.214724	true	0.94743763
764	ainf_export_1778235881.36.json	0.000000	6	1.085896e+04	1.602212	true	0.92586105
765	ainf_export_1778235889.94.json	0.000000	9	5.051515e+01	1.325992	true	0.96209303
766	ainf_export_1778235898.52.json	0.000000	100	6.000000e+00	1.602212	true	0.96209303
767	ainf_export_1778235907.03.json	0.000000	100	6.000000e+00	1.602212	false	1.00000000
768	ainf_export_1778235915.62.json	0.000000	100	6.000000e+00	1.602212	false	1.00000000
769	ainf_export_1778235924.43.json	0.000000	100	6.000000e+00	1.602212	false	1.00000000
770	ainf_export_1778235932.95.json	0.000000	100	6.000000e+00	1.602212	false	1.00000000
771	ainf_export_1778235941.62.json	0.000000	100	6.000000e+00	1.602212	false	1.00000000
772	ainf_export_1778235950.22.json	0.000000	100	6.000000e+00	1.602212	false	1.00000000
773	ainf_export_1778235958.76.json	0.000000	100	6.000000e+00	1.602212	false	1.00000000
774	ainf_export_1778235967.31.json	0.000000	100	6.000000e+00	1.602212	false	1.00000000
775	ainf_export_1778235975.94.json	0.000000	100	6.000000e+00	1.602212	false	1.00000000
776	ainf_export_1778235984.56.json	0.000000	100	6.000000e+00	1.602212	false	1.00000000
777	ainf_export_1778235993.14.json	0.000000	100	6.000000e+00	1.602212	false	1.00000000
778	ainf_export_1778236001.88.json	0.000000	100	6.000000e+00	1.602212	false	1.00000000
779	ainf_export_1778236010.41.json	0.000000	100	6.000000e+00	1.602212	false	1.00000000
780	ainf_export_1778236018.92.json	0.000000	100	6.000000e+00	1.602212	false	1.00000000
781	ainf_export_1778236027.52.json	0.000000	100	6.000000e+00	1.602212	false	1.00000000
782	ainf_export_1778236036.18.json	0.000000	100	6.000000e+00	1.602212	false	1.00000000
783	ainf_export_1778236044.84.json	0.000000	100	6.000000e+00	1.602212	false	1.00000000
784	ainf_export_1778236053.45.json	0.000000	100	6.000000e+00	1.602212	false	1.00000000
785	ainf_export_1778236062.09.json	0.000000	100	6.000000e+00	1.602212	false	1.00000000
786	ainf_export_1778236070.59.json	0.000000	100	6.000000e+00	1.602212	false	1.00000000
787	ainf_export_1778236079.35.json	0.000000	100	6.239543e+00	1.602212	false	1.00000000
788	ainf_export_1778236087.86.json	0.000000	11	3.724896e+01	1.490964	true	0.99381830
789	ainf_export_1778236096.59.json	0.000000	6	8.853289e+02	1.602212	true	0.99381830
790	ainf_export_1778236105.17.json	0.000000	100	8.380263e+00	1.602212	false	1.00000000
791	ainf_export_1778236113.68.json	0.000000	100	6.536662e+00	1.602212	false	1.00000000
792	ainf_export_1778236122.35.json	0.000000	100	6.000000e+00	1.602212	false	1.00000000
793	ainf_export_1778236130.97.json	0.000000	100	6.000000e+00	1.602212	false	1.00000000
794	ainf_export_1778236139.50.json	0.000000	100	6.000000e+00	1.602212	false	1.00000000
795	ainf_export_1778236148.03.json	0.000000	100	6.000000e+00	1.602212	false	1.00000000
796	ainf_export_1778236156.64.json	0.000000	100	6.000000e+00	1.602212	false	1.00000000
797	ainf_export_1778236165.15.json	0.000000	100	6.000000e+00	1.602212	false	1.00000000
798	ainf_export_1778236173.82.json	0.000000	100	6.000000e+00	1.602212	false	1.00000000
799	ainf_export_1778236182.56.json	0.000000	100	6.000000e+00	1.602212	false	1.00000000
800	ainf_export_sAMY_1778225470.43.json	0.000000	2	5.665821e+13	1.602212	false	1.00000000
