id	time	dominant	gap	obs	score	support_sum	perv_sum	bridgeland_phase	klein_constraint	lefschetz_proxy	gap_complex_re	gap_complex_im	plucker_phase
1	1779167382.990	BLA	0.0000	1454086424102355.25	-14540864241002.553	7.000	14	0.2907	0.000000	7.0000	-6.3618	24.3216	-2.5128
2	1779167394.980	BLA	0.0000	13022748330901758.00	-130227483308996.578	7.000	14	0.6076	0.000000	0.0000	-62.0006	-49.7351	2.8928
3	1779167406.510	BLA	0.0000	285369950578796736.00	-2853699505787946.500	7.000	14	0.4538	0.000000	0.0000	-0.0000	0.0000	1.2830
4	1779167417.860	BLA	0.0000	5310890708080200.00	-53108907080781.000	7.000	14	0.4517	0.000000	0.0000	-0.0000	0.0000	1.7662
5	1779167429.340	BLA	0.0000	1594965029864450.50	-15949650298623.506	7.000	14	1.0000	0.000000	0.0000	0.0000	0.0000	1.1817
6	1779167440.470	BLA	0.0000	3808534680386786.50	-38085346803846.867	7.000	14	1.0000	0.000000	0.0000	0.0000	0.0000	1.1877
7	1779167451.360	BLA	0.0000	1295824303130602.25	-12958243031285.023	7.000	14	1.0000	0.000000	0.0000	0.0000	0.0000	1.1818
8	1779167462.450	BLA	0.0000	38912392586939.83	-389123925848.398	7.000	14	1.0000	0.000000	0.0000	0.0000	0.0000	1.2027
9	1779167473.620	BLA	0.0000	2202990957997.26	-22029909558.973	7.000	14	0.4437	0.000000	0.0000	-3.5834	1.3232	1.8441
10	1779167484.640	BLA	0.0000	305988081235.32	-3059880791.353	7.000	14	1.0000	0.000000	0.0000	0.0000	0.0000	1.8353
11	1779167496.230	BLA	0.0000	166084444533.18	-1660844424.332	7.000	14	1.0000	0.000000	0.0000	0.0000	0.0000	1.8450
12	1779167510.020	BLA	0.0000	160061496463.56	-1600614943.636	7.000	14	1.0000	0.000000	0.0000	0.0000	0.0000	1.8324
13	1779167521.460	BLA	0.0000	62060808201.76	-620608061.018	7.000	14	1.0000	0.000000	0.0000	0.0000	0.0000	1.8250
14	1779167533.970	BLA	0.0000	4911142578.48	-49111404.785	7.000	14	1.0000	0.000000	0.0000	0.0000	0.0000	1.8183
15	1779167546.660	BLA	0.0000	46515291.56	-465131.916	7.000	14	1.0000	0.000000	0.0000	0.0000	0.0000	1.8275
16	1779167559.220	BLA	0.0000	1031187693.95	-10311855.940	7.000	14	1.0000	0.000000	0.0000	0.0000	0.0000	1.8141
17	1779167571.430	BLA	0.0000	278206646.56	-2782045.466	7.000	14	1.0000	0.000000	0.0000	0.0000	0.0000	1.8068
18	1779167582.610	BLA	0.0000	100906179.11	-1009040.791	7.000	14	1.0000	0.000000	0.0000	0.0000	0.0000	1.1892
19	1779167594.610	BLA	0.0000	207133.73	-2050.337	7.000	14	1.0000	0.000000	0.0000	0.0000	0.0000	0.5631
20	1779167608.740	BLA	0.0000	5342589.29	-53404.893	7.000	14	1.0000	0.000000	0.0000	0.0000	0.0000	0.5624
21	1779167624.220	BLA	0.0000	1916807.83	-19147.078	7.000	14	1.0000	0.000000	0.0000	0.0000	0.0000	-0.0411
22	1779167640.400	BLA	0.0000	23736.74	-216.367	7.000	14	1.0000	0.000000	0.0000	0.0000	0.0000	0.3037
23	1779167652.390	BLA	10.4785	895.32	116.832	7.000	14	0.0017	0.000000	0.0000	16.4888	0.1744	0.0722
24	1779167663.730	BLA	20.9628	511.08	225.517	7.000	14	0.0038	0.000000	0.0000	22.8357	0.5408	0.4307
25	1779167674.570	BLA	22.8105	676.51	242.340	7.000	14	0.0047	0.000000	0.0000	24.7255	0.7271	0.5128
26	1779167685.450	BLA	22.8105	674.82	242.357	7.000	14	0.0049	0.000000	0.0000	23.9913	0.7419	0.5877
27	1779167696.480	BLA	20.9770	588.25	224.887	7.000	14	0.0030	0.000000	0.0000	23.4220	0.4359	0.3658
28	1779167707.610	BLA	20.9770	589.59	224.874	7.000	14	0.0032	0.000000	0.0000	20.3857	0.4088	0.7156
29	1779167718.650	BLA	22.7907	612.28	242.784	7.000	14	0.0043	0.000000	0.0000	24.3691	0.6612	0.4875
30	1779167729.920	BLA	22.8217	711.59	242.101	7.000	14	0.0049	0.000000	0.0000	24.7997	0.7711	0.5416
31	1779167741.000	BLA	22.8217	751.09	241.706	7.000	14	0.0052	0.000000	0.0000	23.0046	0.7576	0.7229
32	1779167752.170	BLA	22.8217	774.04	241.476	7.000	14	0.0055	0.000000	0.0000	23.6396	0.8098	0.6850
33	1779167764.040	BLA	22.8217	778.23	241.434	7.000	14	0.9998	0.000000	0.0000	28.0065	-0.0304	-0.0143
34	1779167777.900	BLA	22.8235	784.28	241.392	7.000	14	0.9948	0.000000	0.0000	24.6960	-0.8012	-0.6015
35	1779167791.120	BLA	22.8235	785.23	241.383	7.000	14	0.9948	0.000000	0.0000	24.4837	-0.7989	-0.6209
36	1779167803.540	BLA	22.8235	785.73	241.378	7.000	14	0.8852	0.000000	0.0000	0.0000	-0.0000	-1.4897
37	1779167816.580	BLA	22.8235	785.78	241.377	7.000	14	0.5791	0.000000	0.0000	-0.0000	-0.0000	-1.5688
38	1779167830.270	BLA	22.8235	785.55	241.379	7.000	14	0.9956	0.000000	0.0000	26.2598	-0.7339	-0.4399
39	1779167845.340	BLA	22.8235	785.13	241.384	7.000	14	0.9956	0.000000	0.0000	26.2524	-0.7341	-0.4404
40	1779167865.100	BLA	22.8235	784.34	241.391	7.000	14	0.9950	0.000000	0.0000	25.2239	-0.7975	-0.5519
41	1779167882.930	BLA	22.8235	782.87	241.406	7.000	14	0.9952	0.000000	0.0000	25.7149	-0.7757	-0.5003
42	1779167898.420	BLA	22.8235	780.15	241.433	7.000	14	0.9973	0.000000	0.0000	20.1840	-0.3471	-0.9231
43	1779167916.490	BLA	22.8235	775.16	241.483	7.000	14	0.0312	0.000000	0.0000	11.9630	2.3723	-1.2984
44	1779167931.590	BLA	22.8235	776.90	241.466	7.000	14	0.9953	0.000000	0.0000	22.4751	-0.6655	-0.7741
45	1779167949.700	BLA	22.8235	782.68	241.408	7.000	14	0.9948	0.000000	0.0000	23.8712	-0.7758	-0.6712
46	1779167961.480	BLA	22.8235	784.79	241.387	7.000	14	0.9950	0.000000	0.0000	23.1753	-0.7326	-0.7265
47	1779167972.790	BLA	22.8235	784.98	241.385	7.000	14	0.9948	0.000000	0.0000	23.6909	-0.7677	-0.6868
48	1779167984.000	BLA	22.8235	783.98	241.395	7.000	14	0.9961	0.000000	0.0000	26.7446	-0.6638	-0.3743
49	1779167995.770	BLA	22.8235	782.15	241.413	7.000	14	0.9958	0.000000	0.0000	21.6454	-0.5704	-0.8327
50	1779168006.840	BLA	22.8235	778.90	241.446	7.000	14	0.9955	0.000000	0.0000	22.0392	-0.6182	-0.8051
51	1779168018.810	BLA	22.8235	783.17	241.403	7.000	14	0.9950	0.000000	0.0000	23.2161	-0.7349	-0.7227
52	1779168029.950	BLA	22.8235	780.59	241.429	7.000	14	0.9950	0.000000	0.0000	23.1040	-0.7248	-0.7299
53	1779168042.520	BLA	22.8235	776.04	241.474	7.000	14	0.9973	0.000000	0.0000	20.1861	-0.3469	-0.9217
54	1779168056.080	BLA	22.8235	777.76	241.457	7.000	14	0.9997	0.000000	0.0000	18.5656	-0.0298	-1.0134
55	1779168067.350	BLA	22.8235	769.79	241.537	7.000	14	0.5036	0.000000	0.0000	-0.0000	-0.0000	-1.6486
56	1779168079.530	BLA	22.8235	772.18	241.513	7.000	14	0.9989	0.000000	0.0000	19.0283	-0.1278	-0.9868
57	1779168096.190	BLA	22.8235	778.84	241.446	7.000	14	0.9951	0.000000	0.0000	22.8818	-0.7052	-0.7456
58	1779168110.140	BLA	22.8235	783.40	241.401	7.000	14	0.9962	0.000000	0.0000	21.1797	-0.5064	-0.8632
59	1779168123.670	BLA	22.8235	785.19	241.383	7.000	14	0.9948	0.000000	0.0000	23.9151	-0.7796	-0.6689
60	1779168136.990	BLA	22.7988	785.71	241.131	7.000	14	0.9948	0.000000	0.0000	24.5104	-0.7985	-0.6153
61	1779168149.870	BLA	22.8235	785.44	241.380	7.000	14	0.9949	0.000000	0.0000	24.9994	-0.8021	-0.5742
62	1779168163.170	BLA	22.8235	784.89	241.386	7.000	14	0.9965	0.000000	0.0000	20.8534	-0.4578	-0.8841
63	1779168178.720	BLA	22.8235	783.90	241.396	7.000	14	0.9963	0.000000	0.0000	21.0990	-0.4948	-0.8685
64	1779168193.110	BLA	22.8235	781.99	241.415	7.000	14	0.0014	0.000000	0.0000	17.7786	0.1517	-1.0554
65	1779168208.290	BLA	22.8235	778.26	241.452	7.000	14	0.9949	0.000000	0.0000	24.9098	-0.7962	-0.5781
66	1779168219.560	BLA	22.8235	779.50	241.440	7.000	14	0.9949	0.000000	0.0000	24.7284	-0.7973	-0.5957
67	1779168230.490	BLA	22.8235	783.15	241.403	7.000	14	0.9990	0.000000	0.0000	27.9770	-0.1747	-0.0855
68	1779168243.220	BLA	22.8235	784.82	241.387	7.000	14	0.9992	0.000000	0.0000	28.0123	-0.1435	-0.0700
69	1779168259.630	BLA	22.8235	785.52	241.380	7.000	14	0.9995	0.000000	0.0000	28.0456	-0.0900	-0.0437
70	1779168274.660	BLA	22.8235	785.58	241.379	7.000	14	0.9996	0.000000	0.0000	28.0530	-0.0705	-0.0342
71	1779168287.870	BLA	22.8235	785.18	241.383	7.000	14	0.0020	0.000000	0.0000	27.7692	0.3526	0.1766
72	1779168301.800	BLA	22.8235	784.39	241.391	7.000	14	0.9969	0.000000	0.0000	27.2945	-0.5400	-0.2852
73	1779168315.770	BLA	22.8235	783.04	241.404	7.000	14	0.0002	0.000000	0.0000	28.0431	0.0268	0.0130
74	1779168327.810	BLA	22.8235	780.58	241.429	7.000	14	0.9997	0.000000	0.0000	28.0204	-0.0501	-0.0244
75	1779168338.910	BLA	22.8235	781.30	241.422	7.000	14	0.9950	0.000000	0.0000	25.1698	-0.7956	-0.5552
76	1779168350.060	BLA	22.8235	777.28	241.462	7.000	14	0.9954	0.000000	0.0000	22.3115	-0.6484	-0.7857
77	1779168361.100	BLA	22.8235	778.15	241.453	7.000	14	0.9972	0.000000	0.0000	27.4259	-0.4796	-0.2496
78	1779168372.090	BLA	22.8235	783.63	241.398	7.000	14	0.9949	0.000000	0.0000	25.0497	-0.7999	-0.5683
79	1779168385.450	BLA	22.8235	785.15	241.383	7.000	14	0.9950	0.000000	0.0000	25.1970	-0.7989	-0.5551
80	1779168397.560	BLA	22.8235	785.63	241.379	7.000	14	0.0007	0.000000	0.0000	28.0306	0.1234	0.0600
81	1779168409.030	BLA	20.9688	785.85	222.829	7.000	14	0.0041	0.000000	0.0000	24.2767	0.6247	0.4527
82	1779168420.080	BLA	20.9688	785.87	222.829	7.000	14	0.9994	0.000000	0.0000	26.0263	-0.0933	-0.0530
83	1779168430.770	BLA	22.7988	785.74	241.131	7.000	14	0.9992	0.000000	0.0000	27.9858	-0.1447	-0.0706
84	1779168441.510	BLA	22.8235	785.52	241.380	7.000	14	0.9991	0.000000	0.0000	28.0090	-0.1564	-0.0763
85	1779168452.300	BLA	22.8235	785.16	241.383	7.000	14	0.9990	0.000000	0.0000	27.9925	-0.1747	-0.0854
86	1779168463.020	BLA	22.8235	785.27	241.382	7.000	14	0.9997	0.000000	0.0000	28.0541	-0.0582	-0.0282
87	1779168473.740	BLA	22.8235	784.63	241.388	7.000	14	0.9998	0.000000	0.0000	28.0551	-0.0276	-0.0134
88	1779168484.500	BLA	22.8235	783.31	241.402	7.000	14	0.9949	0.000000	0.0000	23.6489	-0.7643	-0.6893
89	1779168495.270	BLA	22.8235	780.75	241.427	7.000	14	0.9989	0.000000	0.0000	27.9461	-0.1895	-0.0931
90	1779168506.140	BLA	22.8235	781.31	241.422	7.000	14	0.9992	0.000000	0.0000	27.9856	-0.1432	-0.0701
91	1779168516.950	BLA	22.8235	784.21	241.393	7.000	14	0.9953	0.000000	0.0000	25.8612	-0.7678	-0.4853
92	1779168531.260	BLA	22.8235	785.42	241.381	7.000	14	0.9951	0.000000	0.0000	25.6517	-0.7823	-0.5090
93	1779168547.910	BLA	22.7988	785.77	241.130	7.000	14	0.0030	0.000000	0.0000	27.3342	0.5211	0.2730
94	1779168560.730	BLA	20.9688	785.80	222.830	7.000	14	0.9968	0.000000	0.0000	25.1359	-0.5082	-0.3246
95	1779168574.580	BLA	20.9688	785.83	222.830	7.000	14	0.9965	0.000000	0.0000	24.8863	-0.5539	-0.3664
96	1779168587.150	BLA	22.7988	785.68	241.131	7.000	14	0.0035	0.000000	0.0000	16.9286	0.3732	-1.0942
97	1779168601.500	BLA	22.8235	785.41	241.381	7.000	14	0.0035	0.000000	0.0000	16.9245	0.3707	-1.0983
98	1779168616.070	BLA	22.8235	784.92	241.386	7.000	14	0.0006	0.000000	0.0000	18.1479	0.0646	-1.0371
99	1779168627.940	BLA	22.8235	783.93	241.396	7.000	14	0.0009	0.000000	0.0000	18.0063	0.0976	-1.0442
100	1779168639.040	BLA	22.8235	781.91	241.416	7.000	14	0.9999	0.000000	0.0000	18.4889	-0.0127	-1.0185
101	1779168650.130	BLA	22.8235	782.40	241.411	7.000	14	0.9965	0.000000	0.0000	27.0699	-0.5944	-0.3223
102	1779168661.230	BLA	22.8235	784.46	241.390	7.000	14	0.9962	0.000000	0.0000	26.8968	-0.6364	-0.3523
103	1779168672.350	BLA	22.8235	785.40	241.381	7.000	14	0.9952	0.000000	0.0000	25.7965	-0.7737	-0.4934
104	1779168684.180	BLA	22.7988	785.76	241.130	7.000	14	0.9954	0.000000	0.0000	25.9979	-0.7552	-0.4669
105	1779168695.300	BLA	20.9688	785.91	222.829	7.000	14	0.9957	0.000000	0.0000	23.9310	-0.6465	-0.4951
106	1779168706.040	BLA	22.7988	785.83	241.130	7.000	14	0.9994	0.000000	0.0000	28.0066	-0.1092	-0.0531
107	1779168716.730	BLA	22.7988	785.67	241.131	7.000	14	0.0001	0.000000	0.0000	28.0311	0.0197	0.0095
108	1779168727.450	BLA	22.8235	785.40	241.381	7.000	14	0.0042	0.000000	0.0000	26.5593	0.6958	0.4014
109	1779168738.260	BLA	22.8235	784.86	241.386	7.000	14	0.0029	0.000000	0.0000	20.3161	0.3704	0.9167
110	1779168749.100	BLA	22.8235	783.79	241.397	7.000	14	0.0047	0.000000	0.0000	25.8197	0.7702	0.4896
111	1779168759.860	BLA	22.8235	784.08	241.394	7.000	14	0.9948	0.000000	0.0000	24.4515	-0.7974	-0.6231
112	1779168770.790	BLA	22.8235	782.61	241.409	7.000	14	0.9982	0.000000	0.0000	27.8126	-0.3138	-0.1564
113	1779168781.530	BLA	22.8235	783.09	241.404	7.000	14	0.0370	0.000000	0.0000	11.4632	2.7131	-1.3152
114	1779168792.380	BLA	22.8235	783.49	241.400	7.000	14	0.2821	0.000000	0.0000	-0.4336	2.1181	-1.8302
115	1779168803.270	BLA	22.8235	781.33	241.422	7.000	14	0.0627	0.000000	0.0000	9.8323	4.0869	-1.3616
116	1779168814.200	BLA	22.8235	783.84	241.396	7.000	14	0.1140	0.000000	0.0000	7.4830	6.5140	-1.4078
117	1779168824.950	BLA	22.8235	782.05	241.414	7.000	14	0.3433	0.000000	0.0000	-10.7553	16.1844	-1.9534
118	1779168835.680	BLA	22.8235	782.64	241.408	7.000	14	0.3104	0.000000	0.0000	-5.0394	12.6247	-1.9113
119	1779168846.410	BLA	22.8235	779.22	241.443	7.000	14	0.0420	0.000000	0.0000	11.0725	2.9951	-1.3270
120	1779168857.230	BLA	22.8235	783.38	241.401	7.000	14	0.0423	0.000000	0.0000	11.0609	3.0095	-1.3276
121	1779168868.180	BLA	22.8235	784.95	241.385	7.000	14	0.9969	0.000000	0.0000	27.3335	-0.5298	-0.2786
122	1779168879.270	BLA	22.8235	785.63	241.378	7.000	14	0.9977	0.000000	0.0000	27.6748	-0.4033	-0.2040
123	1779168890.280	BLA	20.9688	785.87	222.829	7.000	14	0.0044	0.000000	0.0000	23.6782	0.6557	0.5239
124	1779168900.950	BLA	22.7988	785.76	241.130	7.000	14	0.9990	0.000000	0.0000	27.9638	-0.1752	-0.0856
125	1779168912.010	BLA	22.7988	785.58	241.132	7.000	14	0.9987	0.000000	0.0000	27.9089	-0.2323	-0.1142
126	1779168923.260	BLA	22.8235	785.22	241.383	7.000	14	0.0080	0.000000	0.0000	15.5344	0.7824	-1.1620
127	1779168934.430	BLA	22.8235	785.33	241.381	7.000	14	0.0032	0.000000	0.0000	17.0202	0.3450	-1.0936
128	1779168945.220	BLA	22.8235	784.77	241.387	7.000	14	0.0004	0.000000	0.0000	18.2533	0.0404	-1.0316
129	1779168955.930	BLA	22.8235	784.91	241.386	7.000	14	0.9990	0.000000	0.0000	18.9859	-0.1191	-0.9926
130	1779168966.810	BLA	22.8235	784.08	241.394	7.000	14	0.9982	0.000000	0.0000	19.4847	-0.2191	-0.9647
131	1779168977.660	BLA	22.8235	784.38	241.391	7.000	14	0.0018	0.000000	0.0000	27.8294	0.3120	0.1552
132	1779168988.570	BLA	22.7988	785.44	241.134	7.000	14	0.0050	0.000000	0.0000	25.2655	0.7951	0.5447
133	1779168999.400	BLA	20.9688	785.80	222.830	7.000	14	0.0042	0.000000	0.0000	24.0231	0.6416	0.4841
134	1779169010.340	BLA	20.9688	785.83	222.829	7.000	14	0.0042	0.000000	0.0000	24.0452	0.6404	0.4814
135	1779169021.280	BLA	20.9688	785.69	222.831	7.000	14	0.9985	0.000000	0.0000	25.8796	-0.2414	-0.1397
136	1779169032.220	BLA	22.7988	785.43	241.134	7.000	14	0.0214	0.000000	0.0000	13.1078	1.7735	-1.2543
137	1779169043.150	BLA	22.8235	784.94	241.385	7.000	14	0.0275	0.000000	0.0000	12.3430	2.1549	-1.2865
138	1779169054.200	BLA	22.8235	785.06	241.384	7.000	14	0.0122	0.000000	0.0000	14.5803	1.1159	-1.2025
139	1779169065.110	BLA	22.8235	785.17	241.383	7.000	14	0.0122	0.000000	0.0000	14.5786	1.1166	-1.2026
140	1779169076.010	BLA	22.7988	785.29	241.135	7.000	14	0.9949	0.000000	0.0000	23.3300	-0.7444	-0.7117
141	1779169086.710	BLA	22.7988	785.38	241.134	7.000	14	0.9948	0.000000	0.0000	23.8737	-0.7771	-0.6689
142	1779169097.460	BLA	22.8235	784.91	241.386	7.000	14	0.9949	0.000000	0.0000	23.2996	-0.7421	-0.7171
143	1779169108.270	BLA	22.8235	784.02	241.395	7.000	14	0.9955	0.000000	0.0000	22.1512	-0.6331	-0.7995
144	1779169119.050	BLA	22.8235	785.21	241.383	7.000	14	0.9959	0.000000	0.0000	21.5604	-0.5600	-0.8394
145	1779169129.780	BLA	20.9688	785.68	222.831	7.000	14	0.9958	0.000000	0.0000	21.3525	-0.5602	-0.7393
146	1779169140.520	BLA	20.9688	785.88	222.829	7.000	14	0.0039	0.000000	0.0000	24.5761	0.5960	0.4125
147	1779169151.490	BLA	20.9688	785.90	222.829	7.000	14	0.0036	0.000000	0.0000	24.7957	0.5677	0.3805
148	1779169162.210	BLA	20.9688	785.80	222.830	7.000	14	0.9962	0.000000	0.0000	24.6415	-0.5881	-0.4032
149	1779169173.310	BLA	22.7988	785.60	241.132	7.000	14	0.9967	0.000000	0.0000	27.1573	-0.5712	-0.3055
150	1779169184.120	BLA	22.8235	785.26	241.382	7.000	14	0.9964	0.000000	0.0000	20.9676	-0.4754	-0.8772
151	1779169194.850	BLA	22.8235	784.66	241.388	7.000	14	0.3940	0.000000	0.0000	-32.8043	25.7893	-2.1077
152	1779169205.540	BLA	22.7988	785.47	241.133	7.000	14	0.3458	0.000000	0.0000	-14.0329	20.4244	-1.9900
153	1779169216.220	BLA	20.9688	785.80	222.830	7.000	14	0.0130	0.000000	0.0000	13.7114	1.1263	-1.1944
154	1779169528.490	BLA	20.9688	785.92	222.829	7.000	14	0.0280	0.000000	0.0000	11.6167	2.0661	-1.2806
155	1779169540.800	BLA	20.9688	785.93	222.829	7.000	14	0.9957	0.000000	0.0000	21.6906	-0.5903	-0.7120
156	1779169552.040	BLA	20.9688	785.87	222.829	7.000	14	0.9957	0.000000	0.0000	21.5598	-0.5792	-0.7227
157	1779169563.090	BLA	20.9688	785.76	222.830	7.000	14	0.0210	0.000000	0.0000	12.4401	1.6487	-1.2486
158	1779169873.790	BLA	22.7988	785.54	241.133	7.000	14	0.0014	0.000000	0.0000	17.7849	0.1523	-1.0522
159	1779169885.020	BLA	22.8235	785.09	241.384	7.000	14	0.0010	0.000000	0.0000	17.9370	0.1141	-1.0480
160	1779169896.230	BLA	22.7988	785.65	241.131	7.000	14	0.0029	0.000000	0.0000	17.1639	0.3101	-1.0829
161	1779169907.360	BLA	22.7988	785.36	241.134	7.000	14	0.0025	0.000000	0.0000	17.2977	0.2750	-1.0763
162	1779170921.100	BLA	22.8235	784.79	241.387	7.000	14	0.9951	0.000000	0.0000	22.8693	-0.7069	-0.7491
163	1779170932.390	BLA	22.8235	784.97	241.385	7.000	14	0.9975	0.000000	0.0000	20.0004	-0.3153	-0.9354
164	1779170943.520	BLA	22.8235	785.13	241.384	7.000	14	0.9967	0.000000	0.0000	20.6403	-0.4242	-0.8973
165	1779170954.440	BLA	22.8235	784.25	241.392	7.000	14	0.1906	0.000000	0.0000	3.7402	9.5437	-1.4502
166	1779170965.220	BLA	22.8235	782.57	241.409	7.000	14	0.9948	0.000000	0.0000	24.1220	-0.7866	-0.6504
167	1779170975.990	BLA	22.8235	784.79	241.387	7.000	14	0.9952	0.000000	0.0000	25.7616	-0.7752	-0.4967
168	1779170986.970	BLA	22.8235	784.98	241.385	7.000	14	0.9955	0.000000	0.0000	26.2356	-0.7357	-0.4424
169	1779171900.690	BLA	20.9688	785.61	222.832	7.000	14	0.0003	0.000000	0.0000	26.0396	0.0572	0.0324
170	1779171912.910	BLA	20.9688	785.86	222.829	7.000	14	0.0046	0.000000	0.0000	22.6177	0.6471	0.6311
171	1779171923.520	BLA	20.9688	785.94	222.828	7.000	14	0.0045	0.000000	0.0000	22.4352	0.6392	0.6479
172	1779171933.960	BLA	20.9688	785.95	222.828	7.000	14	0.0020	0.000000	0.0000	25.7486	0.3171	0.1866
173	1779172883.590	BLA	20.9688	785.90	222.829	7.000	14	0.0012	0.000000	0.0000	25.9370	0.1992	0.1145
174	1779172895.880	BLA	20.9688	785.81	222.830	7.000	14	0.9963	0.000000	0.0000	24.7870	-0.5688	-0.3817
175	1779172908.460	BLA	20.9688	785.64	222.831	7.000	14	0.9962	0.000000	0.0000	24.6454	-0.5874	-0.4024
176	1779172919.920	BLA	20.9688	785.68	222.831	7.000	14	0.0098	0.000000	0.0000	14.4038	0.8863	-1.1625
177	1779173887.810	BLA	22.7988	785.42	241.134	7.000	14	0.0105	0.000000	0.0000	14.9684	0.9857	-1.1819
178	1779173899.040	BLA	22.8235	784.91	241.386	7.000	14	0.0087	0.000000	0.0000	15.3643	0.8383	-1.1694
179	1779173909.670	BLA	22.8235	783.96	241.395	7.000	14	0.0050	0.000000	0.0000	16.3910	0.5194	-1.1232
180	1779173921.750	BLA	22.8235	785.14	241.383	7.000	14	0.0038	0.000000	0.0000	16.8222	0.3984	-1.1031
181	1779174863.530	BLA	22.7988	785.27	241.135	7.000	14	0.9962	0.000000	0.0000	26.8370	-0.6424	-0.3569
182	1779174874.090	BLA	20.9688	785.72	222.831	7.000	14	0.9964	0.000000	0.0000	24.8572	-0.5582	-0.3708
183	1779174884.710	BLA	20.9688	785.76	222.830	7.000	14	0.0002	0.000000	0.0000	26.0470	0.0323	0.0183
184	1779174895.160	BLA	22.7988	785.52	241.133	7.000	14	0.0009	0.000000	0.0000	27.9758	0.1569	0.0766
185	1779175910.390	BLA	22.8235	785.05	241.384	7.000	14	0.0009	0.000000	0.0000	28.0006	0.1630	0.0796
186	1779175926.680	BLA	22.8235	785.14	241.383	7.000	14	0.9948	0.000000	0.0000	23.7525	-0.7712	-0.6820
187	1779175938.470	BLA	22.8235	784.43	241.391	7.000	14	0.9979	0.000000	0.0000	27.7315	-0.3699	-0.1860
188	1779175948.940	BLA	22.8235	784.68	241.388	7.000	14	0.9949	0.000000	0.0000	24.9018	-0.8020	-0.5829
189	1779175959.360	BLA	22.8235	784.88	241.386	7.000	14	0.9949	0.000000	0.0000	23.5151	-0.7569	-0.7006
190	1779175969.830	BLA	22.8235	783.94	241.395	7.000	14	0.0264	0.000000	0.0000	12.4649	2.0846	-1.2823
191	1779175980.370	BLA	22.8235	782.15	241.413	7.000	14	0.9951	0.000000	0.0000	25.4357	-0.7886	-0.5292
192	1779175991.040	BLA	22.8235	784.49	241.390	7.000	14	0.9951	0.000000	0.0000	25.5621	-0.7858	-0.5178
193	1779176001.620	BLA	22.7988	785.49	241.133	7.000	14	0.9951	0.000000	0.0000	25.5969	-0.7821	-0.5109
194	1779176012.170	BLA	20.9688	785.78	222.830	7.000	14	0.9957	0.000000	0.0000	23.9169	-0.6470	-0.4966
195	1779176022.770	BLA	20.9688	785.92	222.829	7.000	14	0.0006	0.000000	0.0000	26.0214	0.1028	0.0585
196	1779176033.330	BLA	20.9688	785.83	222.829	7.000	14	0.9955	0.000000	0.0000	22.1192	-0.6215	-0.6758
197	1779176044.010	BLA	20.9688	785.68	222.831	7.000	14	0.0085	0.000000	0.0000	14.7186	0.7852	-1.1475
198	1779176054.910	BLA	22.7988	785.36	241.134	7.000	14	0.0024	0.000000	0.0000	17.3335	0.2657	-1.0746
199	1779176065.690	BLA	22.7988	785.48	241.133	7.000	14	0.0028	0.000000	0.0000	17.1815	0.3054	-1.0820
200	1779176076.380	BLA	22.8235	784.96	241.385	7.000	14	0.0022	0.000000	0.0000	17.4052	0.2447	-1.0747
201	1779176088.770	BLA	22.8235	784.00	241.395	7.000	14	0.0029	0.000000	0.0000	17.1528	0.3097	-1.0869
202	1779176100.660	BLA	22.8235	784.28	241.392	7.000	14	0.9948	0.000000	0.0000	23.6811	-0.7667	-0.6872
203	1779176111.490	BLA	22.8235	782.53	241.410	7.000	14	0.9949	0.000000	0.0000	23.4708	-0.7527	-0.7029
204	1779176122.180	BLA	22.8235	784.88	241.386	7.000	14	0.9987	0.000000	0.0000	27.9469	-0.2224	-0.1092
205	1779176132.820	BLA	22.7988	785.56	241.132	7.000	14	0.9960	0.000000	0.0000	26.6920	-0.6691	-0.3784
206	1779176143.360	BLA	20.9688	785.81	222.830	7.000	14	0.0045	0.000000	0.0000	23.4985	0.6593	0.5435
207	1779176154.260	BLA	20.9688	785.83	222.829	7.000	14	0.0012	0.000000	0.0000	25.9472	0.1898	0.1089
208	1779176164.890	BLA	20.9688	785.86	222.829	7.000	14	0.0008	0.000000	0.0000	25.9967	0.1381	0.0788
209	1779176175.640	BLA	20.9688	785.74	222.830	7.000	14	0.9956	0.000000	0.0000	23.7969	-0.6518	-0.5105
210	1779176186.200	BLA	22.7988	785.50	241.133	7.000	14	0.9976	0.000000	0.0000	27.6044	-0.4195	-0.2132
211	1779176196.710	BLA	22.7988	785.55	241.132	7.000	14	0.0042	0.000000	0.0000	16.6833	0.4411	-1.1058
212	1779176207.250	BLA	22.7988	785.60	241.132	7.000	14	0.9972	0.000000	0.0000	20.2350	-0.3572	-0.9184
213	1779176217.840	BLA	22.7988	785.65	241.131	7.000	14	0.9948	0.000000	0.0000	23.9929	-0.7827	-0.6593
214	1779176228.610	BLA	22.8235	785.33	241.382	7.000	14	0.9948	0.000000	0.0000	24.1893	-0.7909	-0.6463
215	1779176239.350	BLA	22.8235	785.42	241.381	7.000	14	0.9948	0.000000	0.0000	24.0816	-0.7870	-0.6553
216	1779176250.050	BLA	22.8235	784.89	241.386	7.000	14	0.9950	0.000000	0.0000	23.0708	-0.7243	-0.7343
217	1779176260.640	BLA	22.8235	783.94	241.395	7.000	14	0.9949	0.000000	0.0000	24.8025	-0.8014	-0.5916
218	1779176271.230	BLA	22.8235	784.19	241.393	7.000	14	0.8631	0.000000	0.0000	0.0000	-0.0000	-1.6464
219	1779176282.030	BLA	22.8235	782.47	241.410	7.000	14	0.0046	0.000000	0.0000	16.5225	0.4813	-1.1167
220	1779176292.800	BLA	22.8235	783.00	241.405	7.000	14	0.0037	0.000000	0.0000	16.8583	0.3881	-1.1009
221	1779176303.560	BLA	22.8235	783.44	241.400	7.000	14	0.0005	0.000000	0.0000	18.1571	0.0624	-1.0363
222	1779176314.200	BLA	22.8235	783.84	241.396	7.000	14	0.9994	0.000000	0.0000	18.7568	-0.0709	-1.0047
223	1779176324.780	BLA	22.8235	781.99	241.415	7.000	14	0.9972	0.000000	0.0000	27.4470	-0.4839	-0.2512
224	1779176335.380	BLA	22.8235	784.41	241.391	7.000	14	0.9957	0.000000	0.0000	21.7714	-0.5873	-0.8252
225	1779176345.800	BLA	22.8235	785.34	241.381	7.000	14	0.9958	0.000000	0.0000	21.6172	-0.5676	-0.8357
226	1779176356.230	BLA	22.7988	785.73	241.131	7.000	14	0.9959	0.000000	0.0000	21.4635	-0.5477	-0.8426
227	1779176366.700	BLA	22.8235	785.50	241.380	7.000	14	0.9966	0.000000	0.0000	20.7306	-0.4387	-0.8919
228	1779176377.090	BLA	22.8235	785.07	241.384	7.000	14	0.9970	0.000000	0.0000	20.3896	-0.3829	-0.9124
229	1779176387.470	BLA	22.8235	784.30	241.392	7.000	14	0.9950	0.000000	0.0000	23.2470	-0.7379	-0.7209
230	1779176397.930	BLA	22.8235	785.24	241.382	7.000	14	0.9948	0.000000	0.0000	23.8007	-0.7739	-0.6782
231	1779176408.440	BLA	22.7988	785.69	241.131	7.000	14	0.9949	0.000000	0.0000	23.5196	-0.7574	-0.6972
232	1779176418.880	BLA	20.9688	785.88	222.829	7.000	14	0.9954	0.000000	0.0000	22.5901	-0.6460	-0.6337
233	1779176429.290	BLA	22.7988	785.77	241.130	7.000	14	0.9950	0.000000	0.0000	25.3906	-0.7914	-0.5324
234	1779176439.720	BLA	22.8235	785.56	241.379	7.000	14	0.9949	0.000000	0.0000	23.5201	-0.7576	-0.7005
235	1779176450.100	BLA	22.8235	785.16	241.383	7.000	14	0.0054	0.000000	0.0000	16.2718	0.5545	-1.1289
236	1779176460.510	BLA	22.8235	785.31	241.382	7.000	14	0.9966	0.000000	0.0000	27.1403	-0.5840	-0.3141
237	1779176470.970	BLA	22.8235	784.74	241.387	7.000	14	0.9948	0.000000	0.0000	23.9361	-0.7802	-0.6669
238	1779176481.390	BLA	22.8235	785.51	241.380	7.000	14	0.9953	0.000000	0.0000	22.3884	-0.6599	-0.7837
239	1779176491.830	BLA	22.8235	785.08	241.384	7.000	14	0.9954	0.000000	0.0000	22.1741	-0.6361	-0.7984
240	1779176502.240	BLA	22.8235	785.19	241.383	7.000	14	0.9957	0.000000	0.0000	26.3995	-0.7170	-0.4221
241	1779176512.620	BLA	22.8235	785.31	241.382	7.000	14	0.0130	0.000000	0.0000	14.4153	1.1790	-1.2092
242	1779176523.010	BLA	22.8235	784.70	241.388	7.000	14	0.9953	0.000000	0.0000	22.3698	-0.6576	-0.7847
243	1779176533.530	BLA	22.8235	783.55	241.399	7.000	14	0.9950	0.000000	0.0000	23.0619	-0.7229	-0.7344
244	1779176544.040	BLA	22.8235	785.07	241.384	7.000	14	0.9948	0.000000	0.0000	24.6289	-0.8011	-0.6080
245	1779176554.420	BLA	22.8235	785.63	241.379	7.000	14	0.9948	0.000000	0.0000	24.7005	-0.8023	-0.6019
246	1779176564.810	BLA	20.9688	785.86	222.829	7.000	14	0.9954	0.000000	0.0000	22.8423	-0.6545	-0.6099
247	1779176575.190	BLA	20.9688	785.88	222.829	7.000	14	0.9958	0.000000	0.0000	21.4467	-0.5691	-0.7318
248	1779176585.610	BLA	22.7988	785.79	241.130	7.000	14	0.9959	0.000000	0.0000	26.6199	-0.6812	-0.3887
249	1779176596.070	BLA	22.7988	785.61	241.132	7.000	14	0.9951	0.000000	0.0000	25.5354	-0.7853	-0.5174
250	1779176606.560	BLA	22.8235	785.28	241.382	7.000	14	0.9949	0.000000	0.0000	25.0222	-0.8018	-0.5720
251	1779176617.020	BLA	22.8235	784.66	241.388	7.000	14	0.9950	0.000000	0.0000	25.1824	-0.7987	-0.5562
252	1779176627.530	BLA	22.8235	783.61	241.399	7.000	14	0.9962	0.000000	0.0000	26.8813	-0.6378	-0.3537
253	1779176638.070	BLA	22.8235	783.86	241.396	7.000	14	0.9639	0.000000	0.0000	0.0000	-0.0000	-1.4887
254	1779176648.620	BLA	22.8235	784.05	241.394	7.000	14	0.0276	0.000000	0.0000	12.3373	2.1573	-1.2867
255	1779176659.460	BLA	22.8235	782.28	241.412	7.000	14	0.0152	0.000000	0.0000	13.9957	1.3451	-1.2255
256	1779176670.090	BLA	22.8235	784.52	241.390	7.000	14	0.0144	0.000000	0.0000	14.1437	1.2860	-1.2200
257	1779176680.810	BLA	22.8235	783.36	241.401	7.000	14	0.0156	0.000000	0.0000	13.9415	1.3685	-1.2278
258	1779176691.370	BLA	22.8235	783.69	241.398	7.000	14	0.9958	0.000000	0.0000	26.4650	-0.7061	-0.4123
259	1779176701.940	BLA	22.8235	783.96	241.395	7.000	14	0.9948	0.000000	0.0000	24.5528	-0.7991	-0.6141
260	1779176712.690	BLA	22.8235	785.13	241.383	7.000	14	0.9948	0.000000	0.0000	24.6114	-0.8010	-0.6096
261	1779176723.320	BLA	22.8235	785.24	241.382	7.000	14	0.9948	0.000000	0.0000	23.8631	-0.7771	-0.6731
262	1779176733.950	BLA	22.8235	785.36	241.381	7.000	14	0.0030	0.000000	0.0000	17.0884	0.3269	-1.0903
263	1779176744.730	BLA	22.8235	784.82	241.387	7.000	14	0.2932	0.000000	0.0000	-3.3532	12.0549	-1.8997
264	1779176755.330	BLA	22.8235	783.73	241.398	7.000	14	0.3030	0.000000	0.0000	-4.2551	12.3110	-1.9059
265	1779176766.070	BLA	22.8235	784.09	241.394	7.000	14	0.3441	0.000000	0.0000	-10.9609	16.3355	-1.9549
266	1779176776.870	BLA	22.8235	784.34	241.391	7.000	14	0.3320	0.000000	0.0000	-8.2411	14.5496	-1.9351
267	1779176787.490	BLA	22.8235	782.78	241.407	7.000	14	0.6891	0.000000	0.0000	-0.0000	-0.0000	-1.5358
268	1779176798.080	BLA	22.8235	783.30	241.402	7.000	14	0.9958	0.000000	0.0000	26.4950	-0.7014	-0.4080
269	1779176808.830	BLA	22.8235	783.71	241.398	7.000	14	0.9961	0.000000	0.0000	26.7710	-0.6586	-0.3702
270	1779176819.430	BLA	22.8235	781.36	241.421	7.000	14	0.9965	0.000000	0.0000	27.0495	-0.5969	-0.3245
271	1779176830.070	BLA	22.8235	784.20	241.393	7.000	14	0.9970	0.000000	0.0000	27.3768	-0.5142	-0.2691
272	1779176840.640	BLA	22.8235	782.67	241.408	7.000	14	0.9948	0.000000	0.0000	24.2747	-0.7918	-0.6376
273	1779176851.220	BLA	22.8235	779.75	241.437	7.000	14	0.9988	0.000000	0.0000	19.0838	-0.1392	-0.9858
274	1779176861.850	BLA	22.8235	780.66	241.428	7.000	14	0.0002	0.000000	0.0000	18.3522	0.0177	-1.0254
275	1779176872.370	BLA	22.8235	781.45	241.420	7.000	14	0.0003	0.000000	0.0000	18.2865	0.0326	-1.0291
276	1779176882.840	BLA	22.8235	784.14	241.393	7.000	14	0.9965	0.000000	0.0000	27.0734	-0.5975	-0.3239
277	1779176893.420	BLA	22.8235	785.24	241.382	7.000	14	0.9974	0.000000	0.0000	27.5818	-0.4429	-0.2264
278	1779176903.990	BLA	22.7988	785.70	241.131	7.000	14	0.9993	0.000000	0.0000	27.9999	-0.1205	-0.0587
279	1779176914.430	BLA	22.7988	785.74	241.131	7.000	14	0.9997	0.000000	0.0000	28.0269	-0.0500	-0.0243
280	1779176924.870	BLA	22.8235	785.49	241.380	7.000	14	0.9996	0.000000	0.0000	28.0545	-0.0632	-0.0307
281	1779176935.350	BLA	22.8235	785.56	241.379	7.000	14	0.0025	0.000000	0.0000	27.5942	0.4389	0.2240
282	1779176945.960	BLA	22.8235	785.15	241.383	7.000	14	0.0009	0.000000	0.0000	28.0033	0.1604	0.0783
283	1779176956.470	BLA	22.8235	784.37	241.391	7.000	14	0.9961	0.000000	0.0000	21.2942	-0.5231	-0.8563
284	1779176966.980	BLA	22.8235	782.85	241.406	7.000	14	0.9955	0.000000	0.0000	22.0778	-0.6241	-0.8041
285	1779176977.470	BLA	22.8235	783.25	241.402	7.000	14	0.0012	0.000000	0.0000	17.8700	0.1299	-1.0510
286	1779176987.940	BLA	22.8235	780.84	241.426	7.000	14	0.9999	0.000000	0.0000	18.4973	-0.0146	-1.0178
287	1779176998.460	BLA	22.8235	783.93	241.395	7.000	14	0.9950	0.000000	0.0000	25.1754	-0.7981	-0.5564
288	1779177009.100	BLA	22.8235	784.26	241.392	7.000	14	0.9949	0.000000	0.0000	25.0100	-0.8009	-0.5725
289	1779177019.760	BLA	22.8235	785.30	241.382	7.000	14	0.9950	0.000000	0.0000	25.2408	-0.7980	-0.5509
290	1779177030.220	BLA	22.8235	785.44	241.380	7.000	14	0.9965	0.000000	0.0000	27.0983	-0.5946	-0.3213
291	1779177040.800	BLA	22.8235	784.83	241.386	7.000	14	0.1292	0.000000	0.0000	6.7936	7.1586	-1.4174
292	1779177051.360	BLA	22.8235	785.09	241.384	7.000	14	0.3090	0.000000	0.0000	-1.8377	4.7269	-1.8608
293	1779177061.830	BLA	22.8235	784.22	241.393	7.000	14	0.9954	0.000000	0.0000	22.2590	-0.6453	-0.7922
294	1779177072.640	BLA	22.8235	782.74	241.407	7.000	14	0.9967	0.000000	0.0000	20.6695	-0.4284	-0.8947
295	1779177083.330	BLA	22.8235	783.18	241.403	7.000	14	0.9963	0.000000	0.0000	21.0250	-0.4836	-0.8729
296	1779177093.950	BLA	22.8235	783.69	241.398	7.000	14	0.9990	0.000000	0.0000	27.9745	-0.1829	-0.0896
297	1779177104.590	BLA	22.8235	783.99	241.395	7.000	14	0.0020	0.000000	0.0000	27.7587	0.3531	0.1770
298	1779177115.140	BLA	22.8235	784.27	241.392	7.000	14	0.0002	0.000000	0.0000	28.0516	0.0332	0.0161
299	1779177126.070	BLA	22.8235	784.52	241.390	7.000	14	0.0002	0.000000	0.0000	28.0532	0.0350	0.0170
300	1779177136.830	BLA	22.8235	783.19	241.403	7.000	14	0.9955	0.000000	0.0000	26.1444	-0.7425	-0.4518
301	1779177147.410	BLA	22.8235	780.75	241.427	7.000	14	0.9957	0.000000	0.0000	26.4071	-0.7090	-0.4171
302	1779177158.000	BLA	22.8235	783.86	241.396	7.000	14	0.9950	0.000000	0.0000	23.0325	-0.7206	-0.7367
303	1779177168.530	BLA	22.8235	785.26	241.382	7.000	14	0.9969	0.000000	0.0000	20.5076	-0.4026	-0.9054
304	1779177178.850	BLA	22.7988	785.71	241.131	7.000	14	0.9964	0.000000	0.0000	20.9583	-0.4748	-0.8746
305	1779177189.400	BLA	22.7988	785.74	241.131	7.000	14	0.9968	0.000000	0.0000	20.5973	-0.4180	-0.8968
306	1779177199.870	BLA	22.7988	785.53	241.133	7.000	14	0.3451	0.000000	0.0000	-0.0000	0.0000	-1.6286
307	1779177210.360	BLA	22.8235	785.09	241.384	7.000	14	0.0112	0.000000	0.0000	14.7772	1.0430	-1.1943
308	1779177221.160	BLA	22.8235	784.19	241.393	7.000	14	0.3146	0.000000	0.0000	-2.7078	6.3033	-1.8819
309	1779177231.560	BLA	22.8235	782.49	241.410	7.000	14	0.0304	0.000000	0.0000	12.0444	2.3302	-1.2964
310	1779177241.980	BLA	22.8235	782.98	241.405	7.000	14	0.1065	0.000000	0.0000	7.8184	6.1822	-1.4027
311	1779177252.550	BLA	22.8235	784.83	241.386	7.000	14	0.9949	0.000000	0.0000	23.5912	-0.7617	-0.6946
312	1779177263.140	BLA	22.8235	785.01	241.385	7.000	14	0.0057	0.000000	0.0000	16.2008	0.5754	-1.1321
313	1779177273.610	BLA	22.8235	785.15	241.383	7.000	14	0.9956	0.000000	0.0000	26.3473	-0.7233	-0.4287
314	1779177284.160	BLA	22.8235	784.41	241.391	7.000	14	0.0006	0.000000	0.0000	18.1253	0.0698	-1.0382
315	1779177294.570	BLA	22.8235	783.04	241.404	7.000	14	0.9965	0.000000	0.0000	20.8685	-0.4598	-0.8826
316	1779177305.180	BLA	22.8235	783.41	241.401	7.000	14	0.6095	0.000000	0.0000	-0.0000	-0.0000	-1.5693
317	1779177315.700	BLA	22.8235	781.15	241.423	7.000	14	0.0023	0.000000	0.0000	17.3644	0.2545	-1.0759
318	1779177326.170	BLA	22.8235	781.66	241.418	7.000	14	0.0039	0.000000	0.0000	16.7751	0.4105	-1.1046
319	1779177336.610	BLA	22.8235	784.19	241.393	7.000	14	0.9948	0.000000	0.0000	24.5324	-0.7990	-0.6161
320	1779177347.010	BLA	22.8235	785.40	241.381	7.000	14	0.9977	0.000000	0.0000	27.6748	-0.4023	-0.2036
321	1779177357.450	BLA	20.9688	785.78	222.830	7.000	14	0.9970	0.000000	0.0000	25.2720	-0.4776	-0.2994
322	1779177368.090	BLA	20.9688	785.81	222.830	7.000	14	0.9967	0.000000	0.0000	20.1663	-0.4210	-0.8283
323	1779177378.770	BLA	22.7988	785.65	241.132	7.000	14	0.9951	0.000000	0.0000	22.7286	-0.6946	-0.7564
324	1779177389.300	BLA	22.8235	785.34	241.381	7.000	14	0.0147	0.000000	0.0000	14.1003	1.3041	-1.2218
325	1779177399.820	BLA	22.8235	784.77	241.387	7.000	14	0.0146	0.000000	0.0000	14.1192	1.2961	-1.2210
326	1779177410.310	BLA	22.8235	783.73	241.398	7.000	14	0.9983	0.000000	0.0000	27.8504	-0.2942	-0.1460
327	1779177420.770	BLA	22.8235	785.02	241.385	7.000	14	0.0036	0.000000	0.0000	27.0390	0.6074	0.3306
328	1779177431.400	BLA	22.8235	785.55	241.379	7.000	14	0.0051	0.000000	0.0000	23.5399	0.7589	0.6990
329	1779177441.810	BLA	22.7988	785.82	241.130	7.000	14	0.9886	0.000000	0.0000	14.7697	-1.0585	1.1902
330	1779177452.340	BLA	20.9688	785.86	222.829	7.000	14	0.0013	0.000000	0.0000	18.5334	0.1542	0.9371
331	1779177462.770	BLA	20.9688	785.88	222.829	7.000	14	0.0045	0.000000	0.0000	22.2278	0.6281	0.6663
332	1779177473.220	BLA	22.7988	785.77	241.130	7.000	14	0.0019	0.000000	0.0000	27.7677	0.3368	0.1681
333	1779177483.700	BLA	22.8235	785.57	241.379	7.000	14	0.0022	0.000000	0.0000	27.7053	0.3882	0.1957
334	1779177494.230	BLA	22.8235	785.16	241.383	7.000	14	0.0016	0.000000	0.0000	27.8826	0.2790	0.1380
335	1779177504.790	BLA	22.8235	784.45	241.390	7.000	14	0.0044	0.000000	0.0000	26.2922	0.7287	0.4350
336	1779177515.260	BLA	22.8235	784.65	241.388	7.000	14	0.9965	0.000000	0.0000	27.0823	-0.5966	-0.3230
337	1779177525.730	BLA	22.8235	784.82	241.387	7.000	14	0.9987	0.000000	0.0000	27.9391	-0.2294	-0.1128
338	1779177536.180	BLA	22.8235	783.73	241.397	7.000	14	0.9980	0.000000	0.0000	27.7665	-0.3474	-0.1740
339	1779177546.760	BLA	22.8235	781.38	241.421	7.000	14	0.9989	0.000000	0.0000	27.9498	-0.1909	-0.0938
340	1779177557.300	BLA	22.8235	784.29	241.392	7.000	14	0.9948	0.000000	0.0000	23.7138	-0.7686	-0.6846
341	1779177567.740	BLA	22.8235	782.81	241.407	7.000	14	0.9948	0.000000	0.0000	24.1732	-0.7886	-0.6462
342	1779177578.170	BLA	22.8235	779.74	241.437	7.000	14	0.9969	0.000000	0.0000	27.2548	-0.5393	-0.2863
343	1779177588.640	BLA	22.8235	783.84	241.396	7.000	14	0.9949	0.000000	0.0000	23.5945	-0.7613	-0.6938
344	1779177599.130	BLA	22.8235	784.95	241.385	7.000	14	0.0205	0.000000	0.0000	13.1862	1.7097	-1.2566
345	1779177610.830	BLA	22.7988	785.60	241.132	7.000	14	0.9949	0.000000	0.0000	23.4695	-0.7541	-0.7011
346	1779177622.050	BLA	20.9688	785.88	222.829	7.000	14	0.0013	0.000000	0.0000	25.9172	0.2151	0.1239
347	1779177632.520	BLA	20.9688	785.76	222.830	7.000	14	0.9963	0.000000	0.0000	24.7254	-0.5773	-0.3909
348	1779177642.960	BLA	22.7988	785.55	241.132	7.000	14	0.9963	0.000000	0.0000	26.9172	-0.6270	-0.3450
349	1779177653.400	BLA	22.8235	785.14	241.383	7.000	14	0.9968	0.000000	0.0000	27.2477	-0.5553	-0.2949
350	1779177663.960	BLA	22.8235	784.40	241.391	7.000	14	0.9970	0.000000	0.0000	27.3527	-0.5224	-0.2741
351	1779177674.970	BLA	22.8235	783.13	241.404	7.000	14	0.0048	0.000000	0.0000	16.4760	0.4947	-1.1190
352	1779177685.860	BLA	22.8235	784.84	241.386	7.000	14	0.9948	0.000000	0.0000	23.8915	-0.7782	-0.6706
353	1779177696.630	BLA	22.8235	785.06	241.384	7.000	14	0.9948	0.000000	0.0000	24.4474	-0.7980	-0.6240
354	1779177707.210	BLA	22.8235	785.22	241.383	7.000	14	0.9948	0.000000	0.0000	24.3336	-0.7953	-0.6339
355	1779177717.860	BLA	22.8235	784.53	241.389	7.000	14	0.0100	0.000000	0.0000	15.0391	0.9492	-1.1833
356	1779177728.690	BLA	22.8235	783.26	241.402	7.000	14	0.9955	0.000000	0.0000	26.2080	-0.7361	-0.4442
357	1779177739.400	BLA	22.8235	783.60	241.399	7.000	14	0.9948	0.000000	0.0000	24.0313	-0.7837	-0.6585
358	1779177750.120	BLA	22.8235	783.93	241.395	7.000	14	0.9949	0.000000	0.0000	24.8517	-0.8015	-0.5871
359	1779177760.720	BLA	22.8235	782.09	241.414	7.000	14	0.9998	0.000000	0.0000	28.0344	-0.0370	-0.0180
360	1779177771.420	BLA	22.8235	784.28	241.392	7.000	14	0.0050	0.000000	0.0000	25.3352	0.7944	0.5408
361	1779177782.130	BLA	22.8235	785.26	241.382	7.000	14	0.9977	0.000000	0.0000	27.6827	-0.3980	-0.2012
362	1779177792.900	BLA	22.8235	785.34	241.381	7.000	14	0.9964	0.000000	0.0000	27.0572	-0.6040	-0.3280
363	1779177803.540	BLA	22.8235	784.74	241.387	7.000	14	0.0180	0.000000	0.0000	13.5587	1.5358	-1.2427
364	1779177814.160	BLA	22.8235	783.55	241.399	7.000	14	0.0918	0.000000	0.0000	8.4685	5.5107	-1.3915
365	1779177824.770	BLA	22.8235	781.30	241.422	7.000	14	0.5004	0.000000	0.0000	-0.0000	-0.0000	-1.5058
366	1779177835.330	BLA	22.8235	782.00	241.415	7.000	14	0.5921	0.000000	0.0000	-0.0000	-0.0000	-1.5056
367	1779177846.000	BLA	22.8235	778.18	241.453	7.000	14	0.0039	0.000000	0.0000	16.7815	0.4079	-1.1036
368	1779177856.670	BLA	22.8235	782.71	241.408	7.000	14	0.9967	0.000000	0.0000	27.1813	-0.5673	-0.3036
369	1779177867.420	BLA	22.8235	784.59	241.389	7.000	14	0.9950	0.000000	0.0000	23.2276	-0.7365	-0.7225
370	1779177878.000	BLA	22.8235	785.43	241.380	7.000	14	0.9948	0.000000	0.0000	24.0728	-0.7866	-0.6560
371	1779177888.880	BLA	22.8235	784.95	241.385	7.000	14	0.0035	0.000000	0.0000	27.1193	0.5884	0.3172
372	1779177899.460	BLA	22.8235	784.14	241.393	7.000	14	0.9996	0.000000	0.0000	28.0438	-0.0648	-0.0315
373	1779177910.160	BLA	22.8235	784.36	241.391	7.000	14	0.9952	0.000000	0.0000	22.5854	-0.6798	-0.7694
374	1779177920.850	BLA	22.8235	782.84	241.406	7.000	14	0.9949	0.000000	0.0000	24.9187	-0.8003	-0.5802
375	1779177932.760	BLA	22.8235	783.29	241.402	7.000	14	0.9948	0.000000	0.0000	24.6267	-0.7996	-0.6072
376	1779177943.670	BLA	22.8235	780.83	241.426	7.000	14	0.1261	0.000000	0.0000	0.0000	0.0000	-1.5834
377	1779177954.260	BLA	22.8235	775.91	241.476	7.000	14	0.0165	0.000000	0.0000	13.7748	1.4340	-1.2333
378	1779177964.810	BLA	22.8235	781.87	241.416	7.000	14	0.9956	0.000000	0.0000	26.3333	-0.7199	-0.4275
379	1779177975.420	BLA	22.8235	784.21	241.393	7.000	14	0.9954	0.000000	0.0000	26.0877	-0.7493	-0.4594
380	1779177986.160	BLA	22.8235	785.26	241.382	7.000	14	0.9960	0.000000	0.0000	26.6892	-0.6755	-0.3835
381	1779177996.700	BLA	22.8235	785.34	241.381	7.000	14	0.9960	0.000000	0.0000	26.7554	-0.6644	-0.3742
382	1779178007.280	BLA	22.8235	784.73	241.388	7.000	14	0.9953	0.000000	0.0000	22.3402	-0.6544	-0.7868
383	1779178017.860	BLA	22.8235	783.56	241.399	7.000	14	0.9949	0.000000	0.0000	24.9563	-0.8007	-0.5771
384	1779178028.640	BLA	22.8235	783.96	241.395	7.000	14	0.9950	0.000000	0.0000	23.1887	-0.7332	-0.7251
385	1779178039.290	BLA	22.8235	782.03	241.414	7.000	14	0.9950	0.000000	0.0000	23.0293	-0.7194	-0.7361
386	1779178049.960	BLA	22.8235	782.59	241.409	7.000	14	0.0031	0.000000	0.0000	27.3095	0.5308	0.2799
387	1779178060.520	BLA	22.8235	784.47	241.390	7.000	14	0.0027	0.000000	0.0000	27.5338	0.4595	0.2362
388	1779178071.190	BLA	22.8235	784.67	241.388	7.000	14	0.9994	0.000000	0.0000	28.0321	-0.1061	-0.0516
389	1779178082.490	BLA	22.8235	783.47	241.400	7.000	14	0.9991	0.000000	0.0000	27.9957	-0.1529	-0.0747
390	1779178094.270	BLA	22.8235	781.23	241.422	7.000	14	0.9988	0.000000	0.0000	27.9226	-0.2185	-0.1076
391	1779178105.210	BLA	22.8235	776.83	241.466	7.000	14	0.9992	0.000000	0.0000	27.9508	-0.1436	-0.0705
392	1779178115.810	BLA	22.8235	777.90	241.456	7.000	14	0.9983	0.000000	0.0000	27.7956	-0.3001	-0.1499
393	1779178126.460	BLA	22.8235	770.97	241.525	7.000	14	0.9979	0.000000	0.0000	19.7282	-0.2643	-0.9470
394	1779178137.100	BLA	22.8235	756.59	241.669	7.000	14	0.9976	0.000000	0.0000	19.9432	-0.3021	-0.9300
395	1779178147.780	BLA	22.8235	761.74	241.617	7.000	14	0.9966	0.000000	0.0000	20.7623	-0.4391	-0.8819
396	1779178158.460	BLA	22.8235	765.38	241.581	7.000	14	0.0082	0.000000	0.0000	15.4656	0.7964	-1.1617
397	1779178169.400	BLA	22.8235	768.72	241.548	7.000	14	0.9967	0.000000	0.0000	20.6545	-0.4235	-0.8910
398	1779178180.030	BLA	22.8235	770.70	241.528	7.000	14	0.9988	0.000000	0.0000	27.8475	-0.2112	-0.1049
399	1779178190.660	BLA	22.8235	773.05	241.504	7.000	14	0.0038	0.000000	0.0000	26.7633	0.6394	0.3599
400	1779178201.790	BLA	22.8235	781.15	241.423	7.000	14	0.0037	0.000000	0.0000	26.8913	0.6308	0.3495
401	1779178213.420	BLA	22.8235	784.27	241.392	7.000	14	0.9952	0.000000	0.0000	25.7895	-0.7728	-0.4933
402	1779178224.270	BLA	22.8235	784.55	241.389	7.000	14	0.9949	0.000000	0.0000	23.6089	-0.7626	-0.6931
403	1779178234.890	BLA	22.8235	783.34	241.401	7.000	14	0.9948	0.000000	0.0000	24.0487	-0.7842	-0.6569
404	1779178245.460	BLA	22.8235	781.15	241.423	7.000	14	0.0053	0.000000	0.0000	16.2914	0.5475	-1.1272
405	1779178256.100	BLA	22.8235	784.07	241.394	7.000	14	0.0194	0.000000	0.0000	13.3370	1.6371	-1.2510
406	1779178266.830	BLA	22.8235	785.27	241.382	7.000	14	0.0139	0.000000	0.0000	14.2356	1.2495	-1.2164
407	1779178278.090	BLA	22.8235	784.58	241.389	7.000	14	0.9954	0.000000	0.0000	22.3129	-0.6514	-0.7886
408	1779178289.080	BLA	22.8235	784.80	241.387	7.000	14	0.9956	0.000000	0.0000	26.2599	-0.7328	-0.4392
409	1779178299.700	BLA	22.8235	785.56	241.379	7.000	14	0.9971	0.000000	0.0000	27.4241	-0.5026	-0.2615
410	1779178310.470	BLA	22.8235	785.62	241.379	7.000	14	0.9949	0.000000	0.0000	23.3105	-0.7433	-0.7167
411	1779178321.430	BLA	22.8235	785.31	241.382	7.000	14	0.0029	0.000000	0.0000	27.4523	0.4922	0.2553
412	1779178332.440	BLA	22.8235	784.71	241.388	7.000	14	0.9972	0.000000	0.0000	27.4930	-0.4757	-0.2457
413	1779178343.130	BLA	22.8235	784.89	241.386	7.000	14	0.9948	0.000000	0.0000	24.1969	-0.7909	-0.6454
414	1779178353.850	BLA	22.8235	783.97	241.395	7.000	14	0.9950	0.000000	0.0000	23.2302	-0.7364	-0.7220
415	1779178364.420	BLA	22.8235	782.20	241.413	7.000	14	0.9980	0.000000	0.0000	27.7455	-0.3524	-0.1769
416	1779178375.100	BLA	22.8235	784.56	241.389	7.000	14	0.0054	0.000000	0.0000	16.2641	0.5566	-1.1291
417	1779178385.710	BLA	22.8235	783.41	241.401	7.000	14	0.9965	0.000000	0.0000	20.8842	-0.4623	-0.8817
418	1779178396.540	BLA	22.8235	783.73	241.397	7.000	14	0.9948	0.000000	0.0000	24.6283	-0.8000	-0.6073
419	1779178407.210	BLA	22.8235	781.82	241.417	7.000	14	0.9954	0.000000	0.0000	26.0807	-0.7466	-0.4583
420	1779178417.900	BLA	22.8235	777.89	241.456	7.000	14	0.9954	0.000000	0.0000	25.9668	-0.7514	-0.4683
421	1779178428.660	BLA	22.8235	782.85	241.406	7.000	14	0.9955	0.000000	0.0000	26.1314	-0.7433	-0.4531
422	1779178439.570	BLA	22.8235	780.20	241.433	7.000	14	0.9976	0.000000	0.0000	27.5981	-0.4178	-0.2133
423	1779178450.570	BLA	22.8235	774.84	241.486	7.000	14	0.9975	0.000000	0.0000	27.5062	-0.4379	-0.2259
424	1779178461.390	BLA	22.8235	781.89	241.416	7.000	14	0.0012	0.000000	0.0000	27.9335	0.2127	0.1046
425	1779178472.350	BLA	22.8235	784.37	241.391	7.000	14	0.0017	0.000000	0.0000	27.8524	0.2963	0.1470
426	1779178482.910	BLA	22.8235	785.38	241.381	7.000	14	0.0018	0.000000	0.0000	27.8279	0.3182	0.1583
427	1779178493.700	BLA	22.7988	785.81	241.130	7.000	14	0.0014	0.000000	0.0000	27.8919	0.2490	0.1226
428	1779178504.510	BLA	22.8235	785.62	241.379	7.000	14	0.0006	0.000000	0.0000	28.0403	0.1039	0.0505
429	1779178516.040	BLA	22.8235	785.28	241.382	7.000	14	0.9951	0.000000	0.0000	25.4859	-0.7900	-0.5262
430	1779178526.890	BLA	22.8235	784.64	241.388	7.000	14	0.0017	0.000000	0.0000	17.6288	0.1887	-1.0635
431	1779178537.510	BLA	22.8235	783.48	241.400	7.000	14	0.9972	0.000000	0.0000	27.4800	-0.4767	-0.2465
432	1779178548.130	BLA	22.8235	783.92	241.396	7.000	14	0.9955	0.000000	0.0000	26.2207	-0.7357	-0.4433
433	1779178558.710	BLA	22.8235	784.24	241.392	7.000	14	0.9949	0.000000	0.0000	24.7847	-0.8016	-0.5934
434	1779178569.490	BLA	22.8235	782.68	241.408	7.000	14	0.9948	0.000000	0.0000	24.3361	-0.7935	-0.6323
435	1779178580.140	BLA	22.8235	784.76	241.387	7.000	14	0.9988	0.000000	0.0000	27.9631	-0.2050	-0.1005
436	1779178590.880	BLA	22.8235	783.51	241.400	7.000	14	0.9970	0.000000	0.0000	20.4263	-0.3888	-0.9097
437	1779178601.530	BLA	22.8235	783.90	241.396	7.000	14	0.9962	0.000000	0.0000	21.1840	-0.5072	-0.8631
438	1779178612.810	BLA	22.8235	781.90	241.416	7.000	14	0.9963	0.000000	0.0000	21.1124	-0.4963	-0.8669
439	1779178623.730	BLA	22.8235	784.55	241.389	7.000	14	0.9959	0.000000	0.0000	21.4986	-0.5515	-0.8432
440	1779178634.530	BLA	22.8235	785.44	241.380	7.000	14	0.9963	0.000000	0.0000	21.0802	-0.4923	-0.8702
441	1779178645.160	BLA	22.8235	784.90	241.386	7.000	14	0.0007	0.000000	0.0000	28.0257	0.1221	0.0595
442	1779178655.830	BLA	22.8235	785.11	241.384	7.000	14	0.9975	0.000000	0.0000	27.5964	-0.4363	-0.2227
443	1779178666.550	BLA	22.8235	784.32	241.392	7.000	14	0.9978	0.000000	0.0000	27.7186	-0.3762	-0.1894
444	1779178677.240	BLA	22.8235	784.56	241.389	7.000	14	0.9984	0.000000	0.0000	27.8780	-0.2789	-0.1380
445	1779178688.270	BLA	22.8235	783.26	241.402	7.000	14	0.9982	0.000000	0.0000	27.8045	-0.3223	-0.1608
446	1779178699.370	BLA	22.8235	780.80	241.427	7.000	14	0.0084	0.000000	0.0000	15.4295	0.8149	-1.1659
447	1779178710.440	BLA	22.8235	781.54	241.419	7.000	14	0.9978	0.000000	0.0000	19.8005	-0.2786	-0.9459
448	1779178721.100	BLA	22.8235	784.19	241.393	7.000	14	0.9988	0.000000	0.0000	19.1296	-0.1486	-0.9845
449	1779178731.850	BLA	22.8235	784.47	241.390	7.000	14	0.0004	0.000000	0.0000	18.2388	0.0437	-1.0323
450	1779178742.510	BLA	22.8235	784.74	241.387	7.000	14	0.0003	0.000000	0.0000	18.2859	0.0330	-1.0299
451	1779178753.300	BLA	22.8235	783.69	241.398	7.000	14	0.0004	0.000000	0.0000	18.2115	0.0499	-1.0335
452	1779178764.350	BLA	22.8235	784.04	241.394	7.000	14	0.9952	0.000000	0.0000	22.7149	-0.6923	-0.7600
453	1779178775.470	BLA	22.8235	785.19	241.383	7.000	14	0.9954	0.000000	0.0000	22.3187	-0.6522	-0.7884
454	1779178786.230	BLA	22.8235	785.66	241.378	7.000	14	0.9951	0.000000	0.0000	22.7198	-0.6935	-0.7603
455	1779178796.770	BLA	22.7988	785.87	241.129	7.000	14	0.9949	0.000000	0.0000	23.2412	-0.7382	-0.7187
456	1779178807.540	BLA	22.7988	785.89	241.129	7.000	14	0.0015	0.000000	0.0000	27.8673	0.2696	0.1331
457	1779178818.260	BLA	20.9688	785.91	222.829	7.000	14	0.9964	0.000000	0.0000	24.7952	-0.5678	-0.3806
458	1779178829.130	BLA	20.9688	785.92	222.829	7.000	14	0.9968	0.000000	0.0000	25.1161	-0.5126	-0.3282
459	1779178840.070	BLA	22.7988	785.85	241.130	7.000	14	0.9962	0.000000	0.0000	26.8686	-0.6374	-0.3528
460	1779178850.930	BLA	22.8235	785.71	241.378	7.000	14	0.9950	0.000000	0.0000	25.2348	-0.7986	-0.5517
461	1779178861.650	BLA	22.8235	785.44	241.380	7.000	14	0.0443	0.000000	0.0000	10.9237	3.1195	-1.3319
462	1779178872.480	BLA	22.8235	784.94	241.385	7.000	14	0.9966	0.000000	0.0000	20.7595	-0.4431	-0.8899
463	1779178883.110	BLA	22.8235	783.92	241.396	7.000	14	0.9965	0.000000	0.0000	20.8523	-0.4575	-0.8839
464	1779178893.770	BLA	22.8235	785.25	241.382	7.000	14	0.9964	0.000000	0.0000	20.9102	-0.4666	-0.8807
465	1779178904.370	BLA	22.8235	784.56	241.389	7.000	14	0.9948	0.000000	0.0000	23.7123	-0.7687	-0.6849
466	1779178914.920	BLA	22.8235	783.23	241.403	7.000	14	0.9952	0.000000	0.0000	22.6369	-0.6844	-0.7652
467	1779178925.720	BLA	22.8235	784.93	241.385	7.000	14	0.9949	0.000000	0.0000	23.4073	-0.7498	-0.7089
468	1779178937.330	BLA	22.8235	785.53	241.379	7.000	14	0.9948	0.000000	0.0000	24.2123	-0.7919	-0.6444
469	1779178948.320	BLA	22.8235	785.57	241.379	7.000	14	0.9948	0.000000	0.0000	24.3363	-0.7957	-0.6339
470	1779178959.150	BLA	22.8235	785.81	241.377	7.000	14	0.9948	0.000000	0.0000	24.0628	-0.7865	-0.6571
471	1779178969.810	BLA	22.8235	785.66	241.378	7.000	14	0.9949	0.000000	0.0000	24.8906	-0.8030	-0.5845
472	1779178980.410	BLA	22.8235	785.37	241.381	7.000	14	0.9948	0.000000	0.0000	24.4667	-0.7987	-0.6225
473	1779178991.160	BLA	22.8235	784.86	241.386	7.000	14	0.9948	0.000000	0.0000	23.8091	-0.7741	-0.6773
474	1779179001.810	BLA	22.8235	785.48	241.380	7.000	14	0.9975	0.000000	0.0000	27.6014	-0.4355	-0.2222
475	1779179012.590	BLA	22.8235	785.07	241.384	7.000	14	0.9952	0.000000	0.0000	22.5061	-0.6721	-0.7753
476	1779179023.530	BLA	22.8235	785.17	241.383	7.000	14	0.9991	0.000000	0.0000	28.0099	-0.1512	-0.0737
477	1779179034.520	BLA	22.8235	784.45	241.390	7.000	14	0.9963	0.000000	0.0000	26.9403	-0.6276	-0.3456
478	1779179045.480	BLA	22.8235	785.36	241.381	7.000	14	0.9957	0.000000	0.0000	26.4683	-0.7084	-0.4134
479	1779179056.430	BLA	22.8235	785.75	241.377	7.000	14	0.9965	0.000000	0.0000	20.8141	-0.4519	-0.8869
480	1779179067.120	BLA	22.8235	785.79	241.377	7.000	14	0.9959	0.000000	0.0000	26.6420	-0.6840	-0.3906
481	1779179079.240	BLA	22.8235	785.81	241.377	7.000	14	0.9968	0.000000	0.0000	27.2923	-0.5444	-0.2876
482	1779179091.280	BLA	22.8235	785.83	241.376	7.000	14	0.9955	0.000000	0.0000	26.1732	-0.7434	-0.4506
483	1779179102.620	BLA	22.8235	785.70	241.378	7.000	14	0.9961	0.000000	0.0000	26.7925	-0.6586	-0.3692
484	1779179113.810	BLA	22.8235	785.43	241.380	7.000	14	0.9960	0.000000	0.0000	26.7315	-0.6687	-0.3777
485	1779179124.860	BLA	22.8235	784.95	241.385	7.000	14	0.9969	0.000000	0.0000	27.3463	-0.5259	-0.2761
486	1779179135.920	BLA	22.8235	785.11	241.384	7.000	14	0.0060	0.000000	0.0000	16.0863	0.6096	-1.1374
487	1779179146.980	BLA	22.8235	785.66	241.378	7.000	14	0.9953	0.000000	0.0000	22.3370	-0.6544	-0.7874
488	1779179158.100	BLA	22.8235	785.87	241.376	7.000	14	0.9958	0.000000	0.0000	21.6703	-0.5747	-0.8324
489	1779179169.660	BLA	22.8235	785.74	241.377	7.000	14	0.9959	0.000000	0.0000	21.5756	-0.5622	-0.8386
490	1779179182.050	BLA	22.8235	785.51	241.380	7.000	14	0.9977	0.000000	0.0000	19.8414	-0.2865	-0.9447
491	1779179193.260	BLA	22.8235	785.06	241.384	7.000	14	0.9968	0.000000	0.0000	20.5711	-0.4129	-0.9015
492	1779179204.010	BLA	22.8235	784.19	241.393	7.000	14	0.9960	0.000000	0.0000	21.4257	-0.5414	-0.8478
493	1779179214.920	BLA	22.8235	782.65	241.408	7.000	14	0.9952	0.000000	0.0000	22.5848	-0.6790	-0.7687
494	1779179225.810	BLA	22.8235	784.65	241.388	7.000	14	0.9984	0.000000	0.0000	27.8826	-0.2760	-0.1365
495	1779179236.740	BLA	22.8235	785.44	241.380	7.000	14	0.9988	0.000000	0.0000	27.9605	-0.2132	-0.1046
496	1779179247.510	BLA	22.8235	785.51	241.380	7.000	14	0.9988	0.000000	0.0000	27.9687	-0.2053	-0.1006
497	1779179258.480	BLA	22.8235	785.10	241.384	7.000	14	0.9950	0.000000	0.0000	25.4128	-0.7927	-0.5336
498	1779179269.340	BLA	22.8235	784.27	241.392	7.000	14	0.9964	0.000000	0.0000	27.0039	-0.6136	-0.3353
499	1779179280.140	BLA	22.8235	782.52	241.410	7.000	14	0.9948	0.000000	0.0000	24.4554	-0.7962	-0.6219
500	1779179291.140	BLA	22.8235	779.10	241.444	7.000	14	0.9949	0.000000	0.0000	24.9603	-0.7966	-0.5739
501	1779179301.900	BLA	22.8235	783.13	241.404	7.000	14	0.9950	0.000000	0.0000	25.1474	-0.7979	-0.5586
502	1779179312.710	BLA	22.8235	780.82	241.427	7.000	14	0.9995	0.000000	0.0000	28.0074	-0.0955	-0.0466
503	1779179323.460	BLA	22.8235	781.51	241.420	7.000	14	0.9964	0.000000	0.0000	26.9684	-0.6154	-0.3378
504	1779179334.440	BLA	22.8235	782.03	241.414	7.000	14	0.9948	0.000000	0.0000	24.1440	-0.7870	-0.6483
505	1779179345.320	BLA	22.8235	778.66	241.448	7.000	14	0.9967	0.000000	0.0000	20.6573	-0.4258	-0.8941
506	1779179356.230	BLA	22.8235	772.11	241.514	7.000	14	0.9996	0.000000	0.0000	27.9525	-0.0616	-0.0303
507	1779179367.010	BLA	22.8235	780.65	241.428	7.000	14	0.9997	0.000000	0.0000	28.0205	-0.0517	-0.0252
508	1779179377.950	BLA	22.8235	784.03	241.395	7.000	14	0.9955	0.000000	0.0000	22.0763	-0.6244	-0.8046
509	1779179388.880	BLA	22.8235	785.21	241.383	7.000	14	0.9974	0.000000	0.0000	27.5430	-0.4584	-0.2353
510	1779179400.020	BLA	22.8235	785.69	241.378	7.000	14	0.9952	0.000000	0.0000	25.7302	-0.7782	-0.5008
511	1779179410.950	BLA	22.8235	785.42	241.381	7.000	14	0.0621	0.000000	0.0000	9.8646	4.0606	-1.3610
512	1779179421.660	BLA	22.8235	784.92	241.386	7.000	14	0.5690	0.000000	0.0000	-0.0000	-0.0000	-1.5626
513	1779179432.290	BLA	22.8235	783.96	241.395	7.000	14	0.9949	0.000000	0.0000	24.9731	-0.8010	-0.5758
514	1779179443.130	BLA	22.8235	782.13	241.414	7.000	14	0.9950	0.000000	0.0000	25.3681	-0.7911	-0.5360
515	1779179453.860	BLA	22.8235	784.47	241.390	7.000	14	0.9999	0.000000	0.0000	28.0542	-0.0244	-0.0118
516	1779179465.140	BLA	22.8235	785.40	241.381	7.000	14	0.9935	0.000000	0.0000	15.9465	-0.6523	1.1438
517	1779179476.560	BLA	22.8235	785.72	241.378	7.000	14	0.9925	0.000000	0.0000	15.6803	-0.7356	1.1557
518	1779179487.430	BLA	22.8235	785.50	241.380	7.000	14	0.0016	0.000000	0.0000	27.8891	0.2761	0.1364
519	1779179498.130	BLA	22.8235	785.10	241.384	7.000	14	0.9955	0.000000	0.0000	26.2379	-0.7356	-0.4422
520	1779179508.880	BLA	22.8235	784.37	241.391	7.000	14	0.9954	0.000000	0.0000	26.0060	-0.7567	-0.4690
521	1779179520.040	BLA	22.8235	784.60	241.389	7.000	14	0.9813	0.000000	0.0000	0.0000	-0.0000	-1.6148
522	1779179531.260	BLA	22.8235	783.45	241.400	7.000	14	0.1964	0.000000	0.0000	3.4210	9.7630	-1.4531
523	1779179542.010	BLA	22.8235	781.27	241.422	7.000	14	0.9951	0.000000	0.0000	25.5115	-0.7845	-0.5207
524	1779179552.630	BLA	22.8235	784.28	241.392	7.000	14	0.0000	0.000000	0.0000	28.0540	0.0073	0.0036
525	1779179563.450	BLA	22.8235	785.30	241.382	7.000	14	0.0005	0.000000	0.0000	28.0447	0.0880	0.0428
526	1779179574.270	BLA	22.8235	785.71	241.378	7.000	14	0.9891	0.000000	0.0000	14.8447	-1.0188	1.1916
527	1779179585.530	BLA	22.8235	785.45	241.380	7.000	14	0.0051	0.000000	0.0000	23.3975	0.7494	0.7099
528	1779179596.720	BLA	22.8235	784.95	241.385	7.000	14	0.0052	0.000000	0.0000	24.0648	0.7860	0.6565
529	1779179607.450	BLA	22.8235	785.12	241.384	7.000	14	0.0013	0.000000	0.0000	27.9449	0.2261	0.1111
530	1779179618.140	BLA	22.8235	784.31	241.392	7.000	14	0.0007	0.000000	0.0000	28.0197	0.1248	0.0608
531	1779179628.830	BLA	22.8235	782.88	241.406	7.000	14	0.0102	0.000000	0.0000	15.0064	0.9598	-1.1844
532	1779179639.420	BLA	22.8235	784.69	241.388	7.000	14	0.9948	0.000000	0.0000	23.9535	-0.7810	-0.6655
533	1779179650.100	BLA	22.8235	785.47	241.380	7.000	14	0.9948	0.000000	0.0000	24.5230	-0.7999	-0.6176
534	1779179661.380	BLA	22.8235	785.79	241.377	7.000	14	0.9948	0.000000	0.0000	24.7598	-0.8029	-0.5966
535	1779179672.170	BLA	22.8235	785.83	241.377	7.000	14	0.0054	0.000000	0.0000	16.2654	0.5565	-1.1293
536	1779179682.940	BLA	22.8235	785.66	241.378	7.000	14	0.0033	0.000000	0.0000	17.0091	0.3480	-1.0942
537	1779179693.550	BLA	22.8235	785.30	241.382	7.000	14	0.1014	0.000000	0.0000	0.0000	0.0000	-1.5335
538	1779179704.230	BLA	22.8235	784.61	241.389	7.000	14	0.5873	0.000000	0.0000	-0.0000	-0.0000	-1.5015
539	1779179715.020	BLA	22.8235	783.30	241.402	7.000	14	0.5708	0.000000	0.0000	-0.0000	-0.0000	-1.5651
540	1779179725.720	BLA	22.8235	784.96	241.385	7.000	14	0.9995	0.000000	0.0000	18.6983	-0.0583	-1.0081
541	1779179736.430	BLA	22.8235	784.03	241.395	7.000	14	0.9982	0.000000	0.0000	19.5146	-0.2249	-0.9630
542	1779179747.220	BLA	22.8235	784.34	241.391	7.000	14	0.9948	0.000000	0.0000	24.3578	-0.7953	-0.6314
543	1779179758.030	BLA	22.8235	782.70	241.408	7.000	14	0.9952	0.000000	0.0000	22.6685	-0.6872	-0.7627
544	1779179768.930	BLA	22.8235	783.07	241.404	7.000	14	0.9950	0.000000	0.0000	23.0327	-0.7202	-0.7364
545	1779179779.760	BLA	22.8235	780.61	241.429	7.000	14	0.9950	0.000000	0.0000	23.2710	-0.7377	-0.7173
546	1779179790.460	BLA	22.8235	776.08	241.474	7.000	14	0.0009	0.000000	0.0000	27.9339	0.1597	0.0786
547	1779179801.260	BLA	22.8235	782.17	241.413	7.000	14	0.0011	0.000000	0.0000	27.9549	0.1921	0.0943
548	1779179811.910	BLA	22.8235	784.62	241.389	7.000	14	0.9948	0.000000	0.0000	23.6834	-0.7671	-0.6872
549	1779179822.610	BLA	22.8235	784.81	241.387	7.000	14	0.9948	0.000000	0.0000	24.6660	-0.8013	-0.6045
550	1779179833.640	BLA	22.8235	783.67	241.398	7.000	14	0.9948	0.000000	0.0000	24.4614	-0.7972	-0.6220
551	1779179844.310	BLA	22.8235	781.52	241.420	7.000	14	0.1789	0.000000	0.0000	4.3597	9.1073	-1.4443
552	1779179854.970	BLA	22.8235	784.39	241.391	7.000	14	0.9039	0.000000	0.0000	0.0000	-0.0000	-1.6275
553	1779179865.730	BLA	22.8235	782.84	241.406	7.000	14	0.0863	0.000000	0.0000	0.0000	0.0000	-1.6143
554	1779179876.460	BLA	22.8235	779.93	241.436	7.000	14	0.9965	0.000000	0.0000	20.9003	-0.4640	-0.8796
555	1779179887.220	BLA	22.8235	780.85	241.426	7.000	14	0.9970	0.000000	0.0000	20.4136	-0.3863	-0.9096
556	1779179897.900	BLA	22.8235	781.58	241.419	7.000	14	0.0005	0.000000	0.0000	28.0179	0.0838	0.0409
557	1779179908.470	BLA	22.8235	777.43	241.461	7.000	14	0.9974	0.000000	0.0000	27.5203	-0.4411	-0.2271
558	1779179919.620	BLA	22.8235	778.53	241.450	7.000	14	0.0052	0.000000	0.0000	24.5004	0.7939	0.6156
559	1779179930.560	BLA	22.8235	783.36	241.401	7.000	14	0.0040	0.000000	0.0000	26.7306	0.6650	0.3757
560	1779179941.460	BLA	22.8235	785.02	241.385	7.000	14	0.0044	0.000000	0.0000	26.3640	0.7211	0.4265
561	1779179952.530	BLA	22.8235	785.62	241.379	7.000	14	0.9951	0.000000	0.0000	25.5703	-0.7867	-0.5177
562	1779179963.270	BLA	22.8235	785.68	241.378	7.000	14	0.9966	0.000000	0.0000	27.1580	-0.5805	-0.3115
563	1779179973.950	BLA	22.8235	785.41	241.381	7.000	14	0.0093	0.000000	0.0000	15.2102	0.8905	-1.1761
564	1779179984.660	BLA	22.8235	784.91	241.386	7.000	14	0.3827	0.000000	0.0000	-0.0000	0.0000	-1.7116
565	1779179995.560	BLA	22.8235	785.06	241.384	7.000	14	0.8170	0.000000	0.0000	0.0000	-0.0000	-1.7335
566	1779180006.340	BLA	22.8235	784.13	241.394	7.000	14	0.8186	0.000000	0.0000	0.0000	-0.0000	-1.7313
567	1779180017.030	BLA	22.8235	784.46	241.390	7.000	14	0.6775	0.000000	0.0000	-0.0000	-0.0000	-1.8033
568	1779180027.610	BLA	22.8235	783.23	241.402	7.000	14	0.9987	0.000000	0.0000	19.1608	-0.1549	-0.9825
569	1779180038.540	BLA	22.8235	783.64	241.398	7.000	14	0.9951	0.000000	0.0000	25.5202	-0.7868	-0.5215
570	1779180049.550	BLA	22.8235	781.47	241.420	7.000	14	0.9959	0.000000	0.0000	26.5790	-0.6861	-0.3950
571	1779180060.090	BLA	22.8235	781.97	241.415	7.000	14	0.9954	0.000000	0.0000	26.0852	-0.7464	-0.4579
572	1779180070.740	BLA	22.8235	784.45	241.390	7.000	14	0.9995	0.000000	0.0000	28.0355	-0.0946	-0.0460
573	1779180081.260	BLA	22.8235	785.43	241.380	7.000	14	0.9988	0.000000	0.0000	27.9657	-0.2078	-0.1018
574	1779180091.900	BLA	22.8235	785.75	241.377	7.000	14	0.9948	0.000000	0.0000	24.6453	-0.8019	-0.6069
575	1779180102.550	BLA	22.8235	785.78	241.377	7.000	14	0.9949	0.000000	0.0000	23.2713	-0.7405	-0.7197
576	1779180113.410	BLA	22.8235	785.80	241.377	7.000	14	0.9948	0.000000	0.0000	24.0703	-0.7868	-0.6564
577	1779180124.350	BLA	22.8235	785.64	241.378	7.000	14	0.9979	0.000000	0.0000	19.7224	-0.2644	-0.9516
578	1779180135.110	BLA	22.8235	785.31	241.382	7.000	14	0.9964	0.000000	0.0000	20.9801	-0.4773	-0.8764
579	1779180145.620	BLA	22.8235	785.41	241.381	7.000	14	0.9966	0.000000	0.0000	20.7477	-0.4414	-0.8908
580	1779180156.150	BLA	22.8235	784.81	241.387	7.000	14	0.9974	0.000000	0.0000	20.0340	-0.3212	-0.9333
581	1779180166.920	BLA	22.8235	783.60	241.399	7.000	14	0.9982	0.000000	0.0000	19.5235	-0.2266	-0.9623
582	1779180177.900	BLA	22.8235	783.94	241.395	7.000	14	0.9948	0.000000	0.0000	23.8519	-0.7757	-0.6734
583	1779180188.900	BLA	22.8235	784.20	241.393	7.000	14	0.9948	0.000000	0.0000	23.8258	-0.7745	-0.6756
584	1779180199.660	BLA	22.8235	784.43	241.391	7.000	14	0.9949	0.000000	0.0000	23.5722	-0.7603	-0.6959
585	1779180210.350	BLA	22.8235	785.38	241.381	7.000	14	0.9955	0.000000	0.0000	22.0752	-0.6247	-0.8052
586	1779180221.200	BLA	22.8235	784.77	241.387	7.000	14	0.9952	0.000000	0.0000	22.6877	-0.6900	-0.7623
587	1779180231.960	BLA	22.8235	783.59	241.399	7.000	14	0.9953	0.000000	0.0000	22.4368	-0.6643	-0.7796
588	1779180242.810	BLA	22.8235	784.01	241.395	7.000	14	0.9954	0.000000	0.0000	22.3165	-0.6515	-0.7881
589	1779180253.650	BLA	22.8235	784.36	241.391	7.000	14	0.9952	0.000000	0.0000	22.5485	-0.6761	-0.7720
590	1779180264.380	BLA	22.8235	782.65	241.408	7.000	14	0.9948	0.000000	0.0000	24.2624	-0.7914	-0.6386
591	1779180275.100	BLA	22.8235	783.38	241.401	7.000	14	0.9948	0.000000	0.0000	23.7359	-0.7692	-0.6824
592	1779180286.190	BLA	22.8235	783.80	241.397	7.000	14	0.0046	0.000000	0.0000	16.5309	0.4793	-1.1166
593	1779180296.980	BLA	22.8235	784.10	241.394	7.000	14	0.0126	0.000000	0.0000	14.5000	1.1458	-1.2056
594	1779180307.790	BLA	22.8235	782.49	241.410	7.000	14	0.0270	0.000000	0.0000	12.3927	2.1239	-1.2846
595	1779180318.800	BLA	22.8235	783.03	241.404	7.000	14	0.0183	0.000000	0.0000	13.5009	1.5606	-1.2447
596	1779180329.570	BLA	22.8235	784.85	241.386	7.000	14	0.0149	0.000000	0.0000	14.0561	1.3219	-1.2235
597	1779180340.360	BLA	22.8235	783.97	241.395	7.000	14	0.9995	0.000000	0.0000	18.6892	-0.0564	-1.0084
598	1779180351.090	BLA	22.8235	782.42	241.411	7.000	14	0.9970	0.000000	0.0000	20.3638	-0.3781	-0.9131
599	1779180361.800	BLA	22.8235	784.57	241.389	7.000	14	0.9975	0.000000	0.0000	27.6165	-0.4258	-0.2168
600	1779180372.700	BLA	22.8235	785.43	241.380	7.000	14	0.9974	0.000000	0.0000	27.5829	-0.4431	-0.2265
601	1779180383.520	BLA	22.8235	785.77	241.377	7.000	14	0.9978	0.000000	0.0000	27.7256	-0.3787	-0.1905
602	1779180394.220	BLA	22.8235	785.55	241.379	7.000	14	0.0003	0.000000	0.0000	28.0570	0.0553	0.0268
603	1779180405.340	BLA	22.8235	785.12	241.384	7.000	14	0.0038	0.000000	0.0000	26.8543	0.6460	0.3594
604	1779180416.320	BLA	22.8235	785.28	241.382	7.000	14	0.0024	0.000000	0.0000	27.6397	0.4181	0.2124
605	1779180426.890	BLA	22.8235	785.42	241.381	7.000	14	0.9959	0.000000	0.0000	26.5827	-0.6924	-0.3983
606	1779180437.730	BLA	22.8235	785.50	241.380	7.000	14	0.9955	0.000000	0.0000	26.2549	-0.7344	-0.4405
607	1779180448.310	BLA	22.8235	785.07	241.384	7.000	14	0.9950	0.000000	0.0000	22.9599	-0.7150	-0.7426
608	1779180459.250	BLA	22.8235	784.22	241.393	7.000	14	0.0066	0.000000	0.0000	15.9254	0.6583	-1.1445
609	1779180470.370	BLA	22.8235	785.33	241.381	7.000	14	0.7325	0.000000	0.0000	-0.0000	-0.0000	-1.6085
610	1779180481.260	BLA	22.8235	785.74	241.377	7.000	14	0.0211	0.000000	0.0000	13.1024	1.7513	-1.2598
611	1779180491.970	BLA	22.8235	785.52	241.380	7.000	14	0.0171	0.000000	0.0000	13.6906	1.4777	-1.2378
612	1779180502.470	BLA	22.8235	785.09	241.384	7.000	14	0.9983	0.000000	0.0000	19.4574	-0.2139	-0.9665
613	1779180512.960	BLA	22.8235	784.19	241.393	7.000	14	0.9976	0.000000	0.0000	19.9419	-0.3046	-0.9385
614	1779180523.850	BLA	22.8235	785.34	241.381	7.000	14	0.9972	0.000000	0.0000	20.2249	-0.3548	-0.9223
615	1779180535.110	BLA	22.8235	784.74	241.387	7.000	14	0.9948	0.000000	0.0000	23.8446	-0.7758	-0.6744
616	1779180546.230	BLA	22.8235	783.58	241.399	7.000	14	0.9950	0.000000	0.0000	22.9734	-0.7155	-0.7410
617	1779180556.820	BLA	22.8235	785.04	241.384	7.000	14	0.0002	0.000000	0.0000	18.3267	0.0237	-1.0278
618	1779180567.380	BLA	22.8235	785.18	241.383	7.000	14	0.9987	0.000000	0.0000	19.1843	-0.1598	-0.9817
619	1779180578.090	BLA	22.8235	784.44	241.390	7.000	14	0.9959	0.000000	0.0000	26.5685	-0.6928	-0.3993
620	1779180589.190	BLA	22.8235	784.68	241.388	7.000	14	0.9961	0.000000	0.0000	26.8053	-0.6543	-0.3662
621	1779180599.980	BLA	22.8235	785.44	241.380	7.000	14	0.9962	0.000000	0.0000	26.8415	-0.6491	-0.3617
622	1779180610.630	BLA	22.8235	785.50	241.380	7.000	14	0.9950	0.000000	0.0000	25.2302	-0.7985	-0.5520
623	1779180621.250	BLA	22.8235	785.56	241.379	7.000	14	0.9948	0.000000	0.0000	24.2984	-0.7946	-0.6371
624	1779180631.790	BLA	22.8235	785.18	241.383	7.000	14	0.0088	0.000000	0.0000	15.3314	0.8494	-1.1709
625	1779180642.630	BLA	22.8235	784.47	241.390	7.000	14	0.0155	0.000000	0.0000	13.9537	1.3642	-1.2275
626	1779180653.630	BLA	22.8235	783.10	241.404	7.000	14	0.0135	0.000000	0.0000	14.3224	1.2139	-1.2127
627	1779180664.440	BLA	22.8235	784.98	241.385	7.000	14	0.0071	0.000000	0.0000	15.7900	0.7007	-1.1507
628	1779180675.350	BLA	22.8235	783.89	241.396	7.000	14	0.0003	0.000000	0.0000	18.2581	0.0392	-1.0311
629	1779180685.990	BLA	22.8235	781.81	241.417	7.000	14	0.0041	0.000000	0.0000	16.6884	0.4345	-1.1088
630	1779180696.580	BLA	22.8235	778.27	241.452	7.000	14	0.0023	0.000000	0.0000	17.3765	0.2509	-1.0747
631	1779180707.250	BLA	22.8235	782.71	241.408	7.000	14	0.9971	0.000000	0.0000	27.4197	-0.4956	-0.2581
632	1779180717.880	BLA	22.8235	783.13	241.403	7.000	14	0.0008	0.000000	0.0000	27.9973	0.1467	0.0717
633	1779180728.540	BLA	22.8235	784.87	241.386	7.000	14	0.9998	0.000000	0.0000	28.0563	-0.0324	-0.0157
634	1779180739.280	BLA	22.8235	785.58	241.379	7.000	14	0.0001	0.000000	0.0000	28.0627	0.0242	0.0117
635	1779180749.870	BLA	22.8235	785.85	241.376	7.000	14	0.9997	0.000000	0.0000	28.0606	-0.0495	-0.0240
636	1779180760.520	BLA	22.8235	785.73	241.377	7.000	14	0.9953	0.000000	0.0000	22.3699	-0.6580	-0.7851
637	1779180771.460	BLA	22.8235	785.51	241.380	7.000	14	0.0037	0.000000	0.0000	16.8320	0.3958	-1.1027
638	1779180782.260	BLA	22.8235	785.06	241.384	7.000	14	0.9949	0.000000	0.0000	23.5698	-0.7605	-0.6964
639	1779180793.010	BLA	22.8235	784.22	241.393	7.000	14	0.9968	0.000000	0.0000	27.2392	-0.5554	-0.2952
640	1779180803.470	BLA	22.8235	782.70	241.408	7.000	14	0.9975	0.000000	0.0000	27.5665	-0.4404	-0.2256
641	1779180813.930	BLA	22.8235	784.68	241.388	7.000	14	0.9975	0.000000	0.0000	27.6011	-0.4328	-0.2208
642	1779180824.720	BLA	22.8235	784.87	241.386	7.000	14	0.9972	0.000000	0.0000	27.4912	-0.4769	-0.2463
643	1779180836.180	BLA	22.8235	783.86	241.396	7.000	14	0.9948	0.000000	0.0000	24.2673	-0.7924	-0.6388
644	1779180846.870	BLA	22.8235	784.07	241.394	7.000	14	0.9999	0.000000	0.0000	18.5028	-0.0157	-1.0183
645	1779180857.420	BLA	22.8235	782.53	241.410	7.000	14	0.0029	0.000000	0.0000	17.1494	0.3103	-1.0868
646	1779180867.910	BLA	22.8235	779.52	241.440	7.000	14	0.9994	0.000000	0.0000	27.9904	-0.1110	-0.0543
647	1779180878.600	BLA	22.8235	783.38	241.401	7.000	14	0.0042	0.000000	0.0000	26.5209	0.6979	0.4046
648	1779180889.960	BLA	22.8235	783.63	241.399	7.000	14	0.0052	0.000000	0.0000	24.5067	0.7981	0.6180
649	1779180900.690	BLA	22.8235	783.82	241.397	7.000	14	0.0052	0.000000	0.0000	24.7148	0.8009	0.5995
650	1779180911.540	BLA	22.8235	781.79	241.417	7.000	14	0.0037	0.000000	0.0000	26.9166	0.6269	0.3463
651	1779180922.370	BLA	22.8235	782.48	241.410	7.000	14	0.0012	0.000000	0.0000	27.9462	0.2043	0.1004
652	1779180933.360	BLA	22.8235	779.65	241.438	7.000	14	0.9960	0.000000	0.0000	26.6593	-0.6702	-0.3820
653	1779180943.980	BLA	22.8235	780.45	241.430	7.000	14	0.9948	0.000000	0.0000	23.7950	-0.7706	-0.6762
654	1779180954.900	BLA	22.8235	775.35	241.481	7.000	14	0.9950	0.000000	0.0000	23.2610	-0.7341	-0.7156
655	1779180965.630	BLA	22.8235	777.25	241.462	7.000	14	0.9952	0.000000	0.0000	25.6110	-0.7750	-0.5073
656	1779180976.360	BLA	22.8235	778.43	241.451	7.000	14	0.9948	0.000000	0.0000	24.5239	-0.7942	-0.6135
657	1779180986.970	BLA	22.8235	772.30	241.512	7.000	14	0.9949	0.000000	0.0000	23.4722	-0.7469	-0.6978
658	1779180997.530	BLA	22.8235	774.44	241.490	7.000	14	0.9949	0.000000	0.0000	23.7756	-0.7657	-0.6747
659	1779181008.820	BLA	22.8235	776.14	241.473	7.000	14	0.9949	0.000000	0.0000	24.9809	-0.7936	-0.5701
660	1779181019.750	BLA	22.8235	777.95	241.455	7.000	14	0.9952	0.000000	0.0000	25.6333	-0.7746	-0.5055
661	1779181030.680	BLA	22.8235	771.23	241.523	7.000	14	0.0108	0.000000	0.0000	14.8555	1.0074	-1.1889
662	1779181041.440	BLA	22.8235	773.54	241.499	7.000	14	0.9949	0.000000	0.0000	24.8889	-0.7920	-0.5771
663	1779181052.010	BLA	22.8235	781.18	241.423	7.000	14	0.9971	0.000000	0.0000	27.3719	-0.5072	-0.2656
664	1779181062.520	BLA	22.8235	784.19	241.393	7.000	14	0.9963	0.000000	0.0000	26.9351	-0.6281	-0.3461
665	1779181073.120	BLA	22.8235	785.38	241.381	7.000	14	0.9951	0.000000	0.0000	25.5927	-0.7853	-0.5152
666	1779181083.890	BLA	22.8235	784.80	241.387	7.000	14	0.0024	0.000000	0.0000	27.6246	0.4230	0.2152
667	1779181094.920	BLA	22.8235	783.60	241.399	7.000	14	0.9965	0.000000	0.0000	27.0799	-0.5947	-0.3221
668	1779181105.630	BLA	22.8235	783.99	241.395	7.000	14	0.0884	0.000000	0.0000	8.6212	5.3496	-1.3887
669	1779181116.320	BLA	22.8235	782.16	241.413	7.000	14	0.1018	0.000000	0.0000	8.0247	5.9723	-1.3993
670	1779181127.640	BLA	22.8235	782.85	241.406	7.000	14	0.0188	0.000000	0.0000	13.4235	1.5959	-1.2476
671	1779181138.550	BLA	22.8235	779.70	241.438	7.000	14	0.3782	0.000000	0.0000	-22.6001	21.7086	-2.0359
672	1779181149.230	BLA	22.8235	772.98	241.505	7.000	14	0.6792	0.000000	0.0000	-0.0000	-0.0000	-1.5715
673	1779181160.050	BLA	22.8235	775.81	241.477	7.000	14	0.2671	0.000000	0.0000	-0.0000	0.0000	-1.5946
674	1779181170.730	BLA	22.8235	766.24	241.572	7.000	14	0.4833	0.000000	0.0000	-0.0000	0.0000	-1.5677
675	1779181181.440	BLA	22.8235	778.78	241.447	7.000	14	0.1047	0.000000	0.0000	0.0000	0.0000	-1.5435
676	1779181192.240	BLA	22.8235	772.12	241.514	7.000	14	0.4531	0.000000	0.0000	-0.0000	0.0000	-1.4932
677	1779181203.220	BLA	22.8235	773.91	241.496	7.000	14	0.0134	0.000000	0.0000	0.0000	0.0000	-1.5116
678	1779181214.230	BLA	22.8235	781.71	241.418	7.000	14	0.9949	0.000000	0.0000	23.4183	-0.7487	-0.7065
679	1779181225.120	BLA	22.8235	784.56	241.389	7.000	14	0.9950	0.000000	0.0000	22.9677	-0.7155	-0.7418
680	1779181235.970	BLA	22.8235	785.47	241.380	7.000	14	0.9950	0.000000	0.0000	23.0490	-0.7228	-0.7362
681	1779181246.860	BLA	22.8235	785.78	241.377	7.000	14	0.9953	0.000000	0.0000	22.3405	-0.6548	-0.7872
682	1779181257.680	BLA	22.8235	785.91	241.376	7.000	14	0.9951	0.000000	0.0000	22.7357	-0.6951	-0.7593
683	1779181268.360	BLA	22.7988	785.92	241.129	7.000	14	0.1394	0.000000	0.0000	0.0000	0.0000	-1.5311
684	1779181279.070	BLA	22.8235	785.86	241.376	7.000	14	0.1814	0.000000	0.0000	4.2289	9.1993	-1.4456
685	1779181289.930	BLA	22.8235	785.74	241.377	7.000	14	0.3794	0.000000	0.0000	-23.3102	22.0614	-2.0409
686	1779181301.190	BLA	22.8235	785.51	241.380	7.000	14	0.0095	0.000000	0.0000	15.1601	0.9077	-1.1783
687	1779181311.990	BLA	22.8235	785.56	241.379	7.000	14	0.2921	0.000000	0.0000	-0.0000	0.0000	-1.6620
688	1779181322.690	BLA	22.8235	785.19	241.383	7.000	14	0.0350	0.000000	0.0000	0.0000	0.0000	-1.6551
689	1779181333.580	BLA	22.8235	784.50	241.390	7.000	14	0.0042	0.000000	0.0000	16.6565	0.4441	-1.1108
690	1779181344.410	BLA	22.8235	784.70	241.388	7.000	14	0.9951	0.000000	0.0000	25.6108	-0.7836	-0.5128
691	1779181355.090	BLA	22.8235	785.46	241.380	7.000	14	0.9969	0.000000	0.0000	27.3388	-0.5297	-0.2783
692	1779181365.800	BLA	22.8235	785.54	241.379	7.000	14	0.9967	0.000000	0.0000	27.2211	-0.5636	-0.3002
693	1779181376.830	BLA	22.8235	785.13	241.384	7.000	14	0.0045	0.000000	0.0000	26.2232	0.7372	0.4440
694	1779181387.580	BLA	22.8235	784.42	241.391	7.000	14	0.9972	0.000000	0.0000	27.4675	-0.4841	-0.2507
695	1779181398.390	BLA	22.8235	785.34	241.381	7.000	14	0.9971	0.000000	0.0000	27.4484	-0.4937	-0.2562
696	1779181409.080	BLA	22.8235	785.77	241.377	7.000	14	0.0348	0.000000	0.0000	11.6483	2.5890	-1.3096
697	1779181419.940	BLA	22.8235	785.81	241.377	7.000	14	0.0005	0.000000	0.0000	18.1963	0.0535	-1.0348
698	1779181430.900	BLA	22.8235	785.64	241.378	7.000	14	0.0001	0.000000	0.0000	18.3933	0.0088	-1.0245
699	1779181441.680	BLA	22.8235	785.69	241.378	7.000	14	0.9976	0.000000	0.0000	19.9112	-0.2992	-0.9408
700	1779181452.760	BLA	22.8235	785.40	241.381	7.000	14	0.1532	0.000000	0.0000	0.0000	0.0000	-1.5480
701	1779181463.550	BLA	22.8235	784.82	241.387	7.000	14	0.9959	0.000000	0.0000	21.5128	-0.5535	-0.8423
702	1779181474.150	BLA	22.8235	785.57	241.379	7.000	14	0.0030	0.000000	0.0000	17.0927	0.3258	-1.0902
703	1779181484.680	BLA	22.8235	785.17	241.383	7.000	14	0.3015	0.000000	0.0000	-1.3507	4.0240	-1.8517
704	1779181495.970	BLA	22.8235	784.39	241.391	7.000	14	0.2846	0.000000	0.0000	-0.5959	2.6991	-1.8368
705	1779181506.940	BLA	22.8235	784.64	241.388	7.000	14	0.0226	0.000000	0.0000	12.9059	1.8489	-1.2668
706	1779181517.730	BLA	22.8235	783.36	241.401	7.000	14	0.9954	0.000000	0.0000	22.1971	-0.6380	-0.7961
707	1779181528.320	BLA	22.8235	780.69	241.428	7.000	14	0.9970	0.000000	0.0000	27.3626	-0.5088	-0.2667
708	1779181538.950	BLA	22.8235	784.06	241.394	7.000	14	0.0051	0.000000	0.0000	24.8828	0.8015	0.5843
709	1779181549.880	BLA	22.8235	785.28	241.382	7.000	14	0.0051	0.000000	0.0000	24.8358	0.8027	0.5894
710	1779181560.910	BLA	22.8235	785.75	241.377	7.000	14	0.0002	0.000000	0.0000	28.0626	0.0344	0.0167
711	1779181571.630	BLA	22.8235	785.54	241.379	7.000	14	0.9995	0.000000	0.0000	18.6776	-0.0539	-1.0094
712	1779181582.280	BLA	22.8235	785.17	241.383	7.000	14	0.0549	0.000000	0.0000	10.2581	3.6878	-1.3507
713	1779181592.850	BLA	22.8235	784.46	241.390	7.000	14	0.1017	0.000000	0.0000	8.0303	5.9675	-1.3993
714	1779181603.450	BLA	22.8235	785.45	241.380	7.000	14	0.0528	0.000000	0.0000	10.3830	3.5755	-1.3473
715	1779181614.390	BLA	22.8235	785.54	241.379	7.000	14	0.9951	0.000000	0.0000	22.8148	-0.7023	-0.7534
716	1779181625.210	BLA	22.8235	785.14	241.383	7.000	14	0.9963	0.000000	0.0000	21.0923	-0.4940	-0.8693
717	1779181636.070	BLA	22.8235	785.26	241.382	7.000	14	0.9951	0.000000	0.0000	25.6297	-0.7833	-0.5112
718	1779181646.840	BLA	22.8235	785.40	241.381	7.000	14	0.9982	0.000000	0.0000	27.8385	-0.3113	-0.1547
719	1779181657.640	BLA	22.8235	785.50	241.380	7.000	14	0.0038	0.000000	0.0000	26.8961	0.6387	0.3535
720	1779181669.290	BLA	22.8235	785.80	241.377	7.000	14	0.0040	0.000000	0.0000	26.7510	0.6661	0.3753
721	1779181680.130	BLA	22.7988	785.91	241.129	7.000	14	0.0038	0.000000	0.0000	26.8208	0.6468	0.3601
722	1779181690.920	BLA	22.7988	785.93	241.129	7.000	14	0.0035	0.000000	0.0000	27.0829	0.5907	0.3187
723	1779181701.730	BLA	22.7988	785.94	241.129	7.000	14	0.9960	0.000000	0.0000	21.3670	-0.5344	-0.8489
724	1779181712.610	BLA	22.8235	785.88	241.376	7.000	14	0.0940	0.000000	0.0000	8.3713	5.6145	-1.3934
725	1779181723.440	BLA	22.8235	785.78	241.377	7.000	14	0.1083	0.000000	0.0000	7.7396	6.2619	-1.4040
726	1779181734.330	BLA	22.8235	785.80	241.377	7.000	14	0.1096	0.000000	0.0000	7.6822	6.3189	-1.4049
727	1779181745.070	BLA	22.8235	785.64	241.378	7.000	14	0.1844	0.000000	0.0000	4.0692	9.3129	-1.4471
728	1779181755.990	BLA	22.8235	785.33	241.382	7.000	14	0.1246	0.000000	0.0000	7.0030	6.9681	-1.4146
729	1779181766.920	BLA	22.8235	785.42	241.381	7.000	14	0.1056	0.000000	0.0000	7.8573	6.1437	-1.4021
730	1779181777.790	BLA	22.8235	784.93	241.386	7.000	14	0.0871	0.000000	0.0000	8.6788	5.2893	-1.3876
731	1779181788.660	BLA	22.8235	783.98	241.395	7.000	14	0.1411	0.000000	0.0000	6.2349	7.6464	-1.4243
732	1779181799.510	BLA	22.8235	785.25	241.382	7.000	14	0.4922	0.000000	0.0000	-0.0000	0.0000	-1.6625
733	1779181810.380	BLA	22.8235	785.38	241.381	7.000	14	0.9966	0.000000	0.0000	20.7869	-0.4475	-0.8884
734	1779181821.020	BLA	22.8235	784.79	241.387	7.000	14	0.9966	0.000000	0.0000	27.1645	-0.5767	-0.3092
735	1779181831.670	BLA	22.8235	785.55	241.379	7.000	14	0.9968	0.000000	0.0000	27.2997	-0.5416	-0.2859
736	1779181842.350	BLA	22.8235	785.84	241.376	7.000	14	0.0049	0.000000	0.0000	25.6068	0.7852	0.5140
737	1779181853.180	BLA	22.7988	785.93	241.129	7.000	14	0.0048	0.000000	0.0000	25.7393	0.7745	0.4959
738	1779181863.890	BLA	22.7988	785.88	241.129	7.000	14	0.0032	0.000000	0.0000	20.5747	0.4144	0.8982
739	1779181874.730	BLA	22.8235	785.78	241.377	7.000	14	0.0034	0.000000	0.0000	20.7216	0.4373	0.8925
740	1779181885.450	BLA	22.8235	785.81	241.377	7.000	14	0.0033	0.000000	0.0000	27.2330	0.5611	0.2985
741	1779181896.150	BLA	22.7988	785.93	241.129	7.000	14	0.9952	0.000000	0.0000	25.7687	-0.7726	-0.4927
742	1779181906.860	BLA	22.8235	785.87	241.376	7.000	14	0.9979	0.000000	0.0000	27.7549	-0.3636	-0.1823
743	1779181918.190	BLA	22.7988	785.89	241.129	7.000	14	0.0915	0.000000	0.0000	8.4844	5.4960	-1.3829
744	1779181928.970	BLA	22.7988	785.90	241.129	7.000	14	0.3299	0.000000	0.0000	-8.0417	14.6393	-1.9447
745	1779181939.580	BLA	22.8235	785.82	241.377	7.000	14	0.1080	0.000000	0.0000	7.7517	6.2498	-1.4038
746	1779181950.170	BLA	22.8235	785.67	241.378	7.000	14	0.9949	0.000000	0.0000	25.0445	-0.8019	-0.5701
747	1779181960.730	BLA	22.7988	785.88	241.129	7.000	14	0.0048	0.000000	0.0000	16.4905	0.4962	-1.1149
748	1779181971.820	BLA	20.9688	785.96	222.828	7.000	14	0.9965	0.000000	0.0000	24.9521	-0.5432	-0.3560
749	1779181982.990	BLA	20.9688	785.96	222.828	7.000	14	0.9960	0.000000	0.0000	24.4537	-0.6091	-0.4295
750	1779181995.400	BLA	20.9688	785.93	222.828	7.000	14	0.9961	0.000000	0.0000	24.5700	-0.5967	-0.4135
751	1779182007.840	BLA	20.9688	785.97	222.828	7.000	14	0.0144	0.000000	0.0000	13.4605	1.2203	-1.2056
752	1779182018.830	BLA	20.9688	785.95	222.828	7.000	14	0.0147	0.000000	0.0000	13.4118	1.2389	-1.2077
753	1779182029.480	BLA	22.7988	785.91	241.129	7.000	14	0.0165	0.000000	0.0000	13.8315	1.4357	-1.2275
754	1779182040.150	BLA	22.8235	785.84	241.376	7.000	14	0.0257	0.000000	0.0000	12.5432	2.0428	-1.2797
755	1779182050.960	BLA	20.9688	785.93	222.828	7.000	14	0.0267	0.000000	0.0000	11.7531	1.9916	-1.2755
756	1779182061.780	BLA	20.9688	785.98	222.828	7.000	14	0.0379	0.000000	0.0000	10.7383	2.6102	-1.3122
757	1779182072.470	BLA	20.9688	785.98	222.828	7.000	14	0.0320	0.000000	0.0000	11.2286	2.2920	-1.2949
758	1779182083.100	BLA	20.9688	785.96	222.828	7.000	14	0.0282	0.000000	0.0000	11.5948	2.0783	-1.2815
759	1779182094.730	BLA	20.9688	785.97	222.828	7.000	14	0.0153	0.000000	0.0000	13.3077	1.2794	-1.2123
760	1779182107.700	BLA	20.9688	785.94	222.828	7.000	14	0.8626	0.000000	0.0000	0.0000	-0.0000	-1.7438
761	1779182118.680	BLA	22.7988	785.88	241.129	7.000	14	0.9237	0.000000	0.0000	0.0000	-0.0000	-1.7118
762	1779182129.340	BLA	22.8235	785.77	241.377	7.000	14	0.7756	0.000000	0.0000	0.0000	-0.0000	-1.7233
763	1779182139.940	BLA	22.8235	785.80	241.377	7.000	14	0.4928	0.000000	0.0000	-0.0000	0.0000	-1.7336
764	1779182150.570	BLA	22.8235	785.61	241.379	7.000	14	0.4552	0.000000	0.0000	-0.0000	0.0000	-1.7431
765	1779182161.430	BLA	22.7988	785.86	241.129	7.000	14	0.0058	0.000000	0.0000	16.1702	0.5906	-1.1296
766	1779182172.750	BLA	20.9688	785.94	222.828	7.000	14	0.9964	0.000000	0.0000	24.8344	-0.5621	-0.3746
767	1779182183.860	BLA	20.9688	785.95	222.828	7.000	14	0.9971	0.000000	0.0000	25.3094	-0.4687	-0.2923
768	1779182194.790	BLA	20.9688	785.96	222.828	7.000	14	0.0003	0.000000	0.0000	17.6242	0.0286	-0.9923
769	1779182205.680	BLA	22.7988	785.91	241.129	7.000	14	0.9984	0.000000	0.0000	19.3483	-0.1927	-0.9694
770	1779182216.750	BLA	22.8235	785.83	241.376	7.000	14	0.0028	0.000000	0.0000	17.1990	0.2980	-1.0851
771	1779182227.540	BLA	22.8235	785.68	241.378	7.000	14	0.9949	0.000000	0.0000	23.5584	-0.7602	-0.6976
772	1779182238.380	BLA	22.8235	785.74	241.377	7.000	14	0.9954	0.000000	0.0000	26.0076	-0.7584	-0.4700
773	1779182249.460	BLA	22.8235	785.78	241.377	7.000	14	0.0028	0.000000	0.0000	27.4746	0.4858	0.2513
774	1779182260.550	BLA	22.8235	785.61	241.379	7.000	14	0.0034	0.000000	0.0000	27.1452	0.5835	0.3136
775	1779182271.410	BLA	22.8235	785.27	241.382	7.000	14	0.0023	0.000000	0.0000	27.6634	0.4072	0.2063
776	1779182282.080	BLA	22.8235	785.73	241.377	7.000	14	0.9971	0.000000	0.0000	27.4362	-0.4990	-0.2593
777	1779182292.740	BLA	22.8235	785.49	241.380	7.000	14	0.9949	0.000000	0.0000	24.9883	-0.8023	-0.5753
778	1779182303.500	BLA	22.8235	785.03	241.384	7.000	14	0.0529	0.000000	0.0000	10.3727	3.5841	-1.3476
779	1779182314.140	BLA	22.8235	785.63	241.378	7.000	14	0.9949	0.000000	0.0000	23.5718	-0.7610	-0.6965
780	1779182324.940	BLA	22.8235	785.85	241.376	7.000	14	0.9951	0.000000	0.0000	25.5666	-0.7871	-0.5183
781	1779182335.840	BLA	22.8235	785.87	241.376	7.000	14	0.0250	0.000000	0.0000	12.6268	1.9971	-1.2768
782	1779182347.030	BLA	20.9688	785.95	222.828	7.000	14	0.0029	0.000000	0.0000	16.4504	0.3005	-1.0586
783	1779182358.090	BLA	22.7988	785.91	241.129	7.000	14	0.0009	0.000000	0.0000	27.9760	0.1607	0.0784
784	1779182368.910	BLA	22.8235	785.82	241.377	7.000	14	0.9948	0.000000	0.0000	24.1309	-0.7892	-0.6514
785	1779182379.570	BLA	22.8235	785.66	241.378	7.000	14	0.9948	0.000000	0.0000	23.6724	-0.7670	-0.6886
786	1779182390.390	BLA	22.8235	785.86	241.376	7.000	14	0.9957	0.000000	0.0000	26.4716	-0.7087	-0.4134
787	1779182401.510	BLA	22.8235	785.75	241.377	7.000	14	0.9949	0.000000	0.0000	23.2663	-0.7401	-0.7201
788	1779182412.640	BLA	22.8235	785.78	241.377	7.000	14	0.9986	0.000000	0.0000	19.2152	-0.1660	-0.9802
789	1779182423.500	BLA	22.8235	785.81	241.377	7.000	14	0.9960	0.000000	0.0000	21.4461	-0.5447	-0.8470
790	1779182434.360	BLA	22.8235	785.83	241.376	7.000	14	0.9962	0.000000	0.0000	21.1527	-0.5031	-0.8658
791	1779182445.050	BLA	22.8235	785.69	241.378	7.000	14	0.0000	0.000000	0.0000	28.0648	0.0019	0.0009
792	1779182455.680	BLA	22.8235	785.74	241.377	7.000	14	0.0051	0.000000	0.0000	24.9401	0.8028	0.5800
793	1779182466.880	BLA	22.8235	785.49	241.380	7.000	14	0.9972	0.000000	0.0000	27.4564	-0.4913	-0.2547
794	1779182477.980	BLA	22.8235	785.56	241.379	7.000	14	0.0036	0.000000	0.0000	27.0366	0.6092	0.3316
795	1779182488.730	BLA	22.8235	785.82	241.377	7.000	14	0.0038	0.000000	0.0000	26.8851	0.6415	0.3556
796	1779182499.460	BLA	22.8214	785.93	241.355	7.000	14	0.9951	0.000000	0.0000	23.2193	-0.7085	-0.7235
797	1779182510.230	BLA	22.8214	785.94	241.355	7.000	14	0.9963	0.000000	0.0000	21.3396	-0.4946	-0.8538
798	1779182521.360	BLA	22.8235	785.89	241.376	7.000	14	0.9972	0.000000	0.0000	27.4965	-0.4782	-0.2468
799	1779182532.580	BLA	22.8214	785.91	241.355	7.000	14	0.9957	0.000000	0.0000	26.2951	-0.7142	-0.4354
800	800.000	LSX	22.8235	785.88	236.376	6.000	10	0.0027	0.000001	-1.0000	27.5221	0.4686	0.2412
801	801.000	LSX	0.0000	277392318169216.06	-2773923181676.161	6.000	10	1.0000	0.000000	0.0000	0.0000	0.0000	0.2412
